CONTENT_CATEGORY_BOTTOM_descripcion,CONTENT_CATEGORY_BOTTOM
BANCA:ONLINE:WEB,1
NO CATEGORY ASSIGNED,2
BANCA:ONLINE:WEB:PAGINA,3
HB,4
HB : ERROR,5
BANCA:ONLINE:WEB:PERSONAS:PRODUCTOSYSERVICIOS,6
BANCA:ONLINE:WEB:EMINENT:PRODUCTOSYSERVICIOS,7
BANCA:ONLINE:WEB:EMINENT,8
BANCA:ONLINE:WEB:PERSONAS,9
BANCA:ONLINE:WEB:EMINENT:BENEFICIOSYPROMOCIONES,10
BANCA:ONLINE:WEB:PERSONAS:BENEFICIOSYPROMOCIONES,11
BANCA:ONLINE:WEB:PERSONAS:BENEFICIOSYPROMOCIONES:BUSCADOR BENEFICIOS,12
BANCA:ONLINE:WEB:PERSONAS:FICHAS,13
BANCA:ONLINE:WEB:EMINENT:BENEFICIOSYPROMOCIONES:BUSCADOR BENEFICIOS,14
BANCA:ONLINE:WEB:EMINENT:FICHAS,15
HB : PP,16
HB : UPGRADE,17
HC : TC,18
HC : TC : ERRORES,19
BANCA:ONLINE:WEB:PAGINA:BUSCADORDECAJEROSYSUCURSALES,20
UPGRADE DE PAQUETE : CONFIRMACION,21
BANCA:ONLINE:WEB:NEGOCIOSYPYMES:PRODUCTOSYSERVICIOS,22
BANCA:ONLINE:WEB:INSTITUCIONAL,23
BANCA:ONLINE:WEB:EMPRESAS:PRODUCTOSYSERVICIOS,24
BANCA:ONLINE:WEB:MOVE:PRODUCTOSYSERVICIOS,25
BANCA:ONLINE:WEB:CORPORATIVAS,26
BANCA:ONLINE:WEB:PERSONAS:BENEFICIOSYPROMOCIONES:VAMOSLOSJUEVES1,27
:BANCA:ONLINE:WEB:EMINENT:BENEFICIOSYPROMOCIONES:VERANO2018,28
BANCA:ONLINE:WEB:MOVE:BENEFICIOSYPROMOCIONES,29
:BANCA:ONLINE:WEB:PERSONAS:BENEFICIOSYPROMOCIONES:VERANO2018,30
BANCA:ONLINE:WEB:CORPORATIVAS:PRODUCTOSYSERVICIOS,31
BANCA:ONLINE:WEB:EMINENT:BENEFICIOSYPROMOCIONES:VERANOCONQUIERO,32
BANCA:ONLINE:WEB:NEGOCIOSYPYMES:BENEFICIOSYPROMOCIONES:BUSCADOR BENEF,33
STT,34
BANCA:ONLINE:WEB:MOVE,35
:BANCA:ONLINE:WEB:EMINENT:PRODUCTOSYSERVICIOS:TARJETASGALICIAEMINENTB,36
BANCA:ONLINE:WEB:MOVE:PRODUCTOSYSERVICIOS:INVERSIONES,37
BANCA:ONLINE:WEB:PERSONAS:PRODUCTOSYSERVICIOS:PREGUNTASFRECUENTESCUEN,38
BANCA:ONLINE:WEB:NEGOCIOSYPYMES:BENEFICIOSYPROMOCIONES,39
BANCA:ONLINE:WEB:MOVE:FICHAS,40
BANCA:ONLINE:WEB:MOVE:BENEFICIOSYPROMOCIONES:BUSCADOR BENEFICIOS,41
BANCA:ONLINE:WEB:EMPRESAS,42
BANCA:ONLINE:WEB:NEGOCIOSYPYMES,43
BANCA:ONLINE:WEB:PERSONAS:PRODUCTOSYSERVICIOS:CAJEROSAUTOMATICOS,44
BANCA:ONLINE:WEB:RURAL:PRODUCTOSYSERVICIOS,45
HC:PERSONAS,46
BANCA:ONLINE:WEB:RURAL,47
BANCA:ONLINE:WEB:PERSONAS:BENEFICIOSYPROMOCIONES:VUELTAALCOLE,48
BANCA:ONLINE:WEB:MOVE:BENEFICIOSYPROMOCIONES:VAMOSLOSJUEVES1,49
BANCA:ONLINE:WEB:EMINENT:BENEFICIOSYPROMOCIONES:VAMOSLOSJUEVES1,50
HC:PERSONAS:ERROR,51
BANCA:ONLINE:WEB:RURAL:TARJETAGALICIARURAL:BUSCADOR ACUERDOS,52
BANCA:ONLINE:WEB:RURAL:FICHAS,53
BANCA:ONLINE:WEB:NEGOCIOSYPYMES:BENEFICIOSYPROMOCIONES:BENEFICIOSNEGO,54
BANCA:ONLINE:WEB:PERSONAS:BENEFICIOSYPROMOCIONES:NAVIDADCONQUIERO,55
BANCA:ONLINE:WEB:RURAL:TARJETAGALICIARURAL,56
BANCA:ONLINE:WEB:PERSONAS:PRODUCTOSYSERVICIOS:QUENECESITASABER,57
:BANCA:ONLINE:WEB:PERSONAS:BENEFICIOSYPROMOCIONES:VERANOCONQUIERO,58
:BANCA:ONLINE:WEB:RRHH,59
STP,60
:BANCA:ONLINE:WEB:PREFER:BENEFICIOSYPROMOCIONES,61
:BANCA:ONLINE:WEB:PREFER:PRODUCTOSYSERVICIOS,62
:BANCA:ONLINE:WEB:PREFER:BENEFICIOSYPROMOCIONES:BUSCADOR BENEFICIOS,63
:BANCA:ONLINE:WEB:PREFER,64
:BANCA:ONLINE:WEB:EMINENT:BENEFICIOSYPROMOCIONES:VUELTAALCOLE,65
:BANCA:ONLINE:WEB:PERSONAS:BENEFICIOSYPROMOCIONES:PANAMERICANO,66
:BANCA:ONLINE:WEB:MOVE:BENEFICIOSYPROMOCIONES:VERANO2017,67
BANCA:ONLINE:WEB:NEGOCIOSYPYMES:FICHAS,68
