PAGE_descripcion,PAGE
WEB : EMINENT,1
/LOGIN,2
/INICIO,3
/CUENTAS/MIS-CUENTAS,4
/ERROR/SESIONEXPIRADA,5
/PERFIL/INICIO,6
/PERFIL/ENVIO_RESUMENES_ELECCION,7
PAGINA : NOENCONTRADA,8
HB : EMINENT : LOGIN,9
HB : EMINENT : CONSULTAS : RESUMEN DE PRODUCTOS : HOM,10
HB : EMINENT : CONSULTAS : ERRORES : INFORMACION MAST,11
HB : EMINENT : CONSULTAS : ERRORES : INFORMACION VISA,12
HB : EMINENT : CONSULTAS : SIDEBAR DERECHO : PAGOS,13
HB : MASIVO : LOGIN,14
HB : EMINENT : CONSULTAS : RESUMEN DE PRODUCTOS : MOV,15
HB : EMINENT : OPERACIONES : PLAZO FIJO : PASO 1 : FO,16
HB : EMINENT : LOGIN : ERRORES : USUARIO INGRESADO NO,17
HB : EMINENT : CONSULTAS : ERRORES : INFORMACION AMEX,18
PRODUCTOSYSERVICIOS : TUTORIALES ONB APP BANCO GALICI,19
/CUENTAS/INICIO,20
/PAGOS/INICIO,21
HB : EMINENT : QUIERO : HOME,22
/TARJETAS/CONSUMOS/0,23
/TRANSFERENCIAS/NUEVA,24
/TRANSFERENCIAS/CUENTAS-PROPIAS,25
/TRANSFERENCIAS/INICIO,26
/TARJETAS/INICIO,27
PRODUCTOSYSERVICIOS : TELEFONOSUTILESEMINENT,28
EMINENT : ATENCION AL CLIENTE EMINENT,29
PRODUCTOSYSERVICIOS : PREGUNTAS CUENTAS BANCO GALICIA,30
PERSONAS : ATENCION AL CLIENTE,31
/PAGOS/PAGO-MIS-CUENTAS,32
/MONEDA-EXTRANJERA/COMPRA-DOLARES,33
BENEFICIOSYPROMOCIONES : QUIEROVIAJESDESTACADOS,34
HB : EMINENT : OPERACIONES : PLAZO FIJO : ALERTAS : A,35
HB : EMINENT : OPERACIONES : PLAZO FIJO : ALERTAS : E,36
HB : EMINENT : OPERACIONES : PLAZO FIJO : PASO 2 : CH,37
HB : EMINENT : OPERACIONES : PLAZO FIJO : PASO 3 : CO,38
/INVERSIONES/INICIO,39
WEB : PERSONAS,40
/PRESTAMOS/INICIO,41
/QUIERO/INICIOTOKEN,42
/SEGURIDAD/ACTIVAR-TOKEN-VIRTUAL,43
HB : MASIVO : LOGIN : ERRORES : USUARIO INGRESADO NO,44
PRODUCTOSYSERVICIOS : ONLINEBANKING,45
PRODUCTOSYSERVICIOS : COMPRAYENTADEMONEDAEXTRANJERA,46
HB : EMINENT : PEDIDOS : HOME,47
/TRANSFERENCIAS/TERCEROS-MONTO,48
/TRANSFERENCIAS/PRECONFIRMARCUENTASPROPIAS,49
/TRANSFERENCIAS/CONFIRMARCUENTASPROPIAS,50
/PERFIL/ALTA-CELULAR,51
/PERFIL/ALTA-INFORMACION,52
/PERFIL/ALTA-CELULAR-PRECONFIRMACION,53
/PERFIL/ALTA-CELULAR-CONFIRMACION,54
/AYUDA/INICIO,55
/MONEDA-EXTRANJERA/PRECALCULOCOMPRADOLARES,56
/ERROR/ERRORIN,57
/PAGOS/PAGAR-NUEVO-SERVICIO,58
/PAGOS/PRECONFIRMACIONPAGO,59
/PAGOS/CONFIRMACIONPAGO,60
/SEGURIDAD/TARJETA-COORDENADAS,61
BENEFICIOSYPROMOCIONES : ESPECIALINDUMENTARIA,62
HB : EMINENT : LOGIN : ERRORES : CLAVE DE IDENTIFICAC,63
/TARJETAS/RESUMEN/1,64
/TARJETAS/RESUMEN/0,65
PRODUCTOSYSERVICIOS : ACOMPA%C3%B1AMOS TU VIDA GALICI,66
BUSCADOR BENEFICIOS : TODAS LAS PROMOS,67
FICHAS : MARCA,68
/TARJETAS/CONSUMOS/1,69
PRODUCTOSYSERVICIOS : TODO PAGO PEI,70
HB : MASIVO : LOGIN : ERRORES : REQUIERE CAMBIO DE PI,71
BUSCADOR BENEFICIOS : EXCLUSIVAS EMINENT,72
FICHAS : QUIERO MARCA,73
HB : MASIVO : LOGIN : ERRORES : CLAVE DE IDENTIFICACI,74
PRODUCTOSYSERVICIOS : TARJETAGALICIADEBITO,75
BENEFICIOSYPROMOCIONES : VERANO2018,76
/TERMINOSYCONDICIONES,77
EMINENT : BANCAPRIVADA,78
FICHAS : QUIERO RUBRO,79
/PAGOS/BUSCAREMPRESA,80
/TRANSFERENCIAS/TERCEROS-MOTIVO,81
/TRANSFERENCIAS/TERCEROS-PRECONFIRMACION,82
/SEGURIDAD/GENERAR-USUARIO-CLAVE,83
/SEGURIDAD/GENERAR-CLAVE-CAJEROS,84
HB : MASIVO : CONSULTAS : RESUMEN DE PRODUCTOS : HOME,85
HB : MASIVO : EN ESTE MOMENTO NO PODEMOS ACCEDER A SU,86
HB : MASIVO : CONSULTAS : RESUMEN DE PRODUCTOS : MOVI,87
HB : MASIVO : QUIERO : HOME,88
HB : MASIVO : PEDIDOS : HOME,89
HB : MASIVO : PEDIDOS : ESTADO DE SOLICITUDES,90
HB : MASIVO : PEDIDOS : ESTADO DE SOLICITUDES : ERROR,91
PRODUCTOSYSERVICIOS : CLAVEGALICIA,92
/SEGURIDAD/RECUPERAR-USUARIO-CLAVE,93
/SEGURIDAD/RECUPERAR-CLAVE,94
/SEGURIDAD/RECUPERAR-USUARIO,95
/SEGURIDAD/RECUPERAR-USUARIO-CAPTCHA,96
/SEGURIDAD/RECUPERAR-USUARIO-INGRESOCLAVE,97
/SEGURIDAD/RECUPERAR-USUARIO-CONFIRMACION,98
/ERROR/ERROROUT,99
PRODUCTOSYSERVICIOS : PREGUNTAS FRECUENTES TOKEN,100
HB : EMINENT : QUIERO : ERRORES : ERROR NO MANEJADO,101
/TARJETAS/AUMENTAR-LIMITE-TRANSITORIO,102
HB : EMINENT : PEDIDOS : ESTADO DE SOLICITUDES,103
HB : EMINENT : PEDIDOS : ESTADO DE SOLICITUDES : ERRO,104
HB : MASIVO : CONSULTAS : ERRORES : INFORMACION VISA,105
HB : MASIVO : CONSULTAS : ERRORES : INFORMACION AMEX,106
HB : EMINENT : PEDIDOS : ESTADO DE SOLICITUDES : DETA,107
/PRESTAMOS/SOLICITAR-SELECCIONAR-TIPO-PRESTAMO,108
/PRESTAMOS/SOLICITAR-SELECCIONAR-SUBTIPO-PRESTAMO-PER,109
/PRESTAMOS/SOLICITAR,110
HB : EMINENT : PEDIDO PRESTAMOS PERSONALES : PASO 1 :,111
HB : EMINENT : UPGRADE DE PAQUETE,112
/TARJETAS/CONSUMOS-TARJETA-DEBITO/0,113
PRODUCTOSYSERVICIOS : SACA TU TARJETA GALICIA,114
/PERFIL/GUSTOS-PREFERENCIAS,115
/PERFIL/EDITAR-MAIL,116
/PERFIL/ELIMINAR-MAIL-CONFIRMACION,117
/PERFIL/RECOMENDAR,118
/PERFIL/RECOMENDAR-PERSONA,119
/CUENTAS/TODO-PAGO,120
HC : TC : PASO 1 : FORMULARIO SOLICITUD,121
HC : TC : PASO 1 : ERRORES : ADMINISTRACIONCLIENTECA-,122
HB : EMINENT : CONSULTAS : SIDEBAR DERECHO : PRESTAMO,123
HB : MASIVO : LOGIN : PRIMER INGRESO,124
HB : MASIVO : SEGURIDAD,125
/TARJETAS/REPONER-TARJETA-DEBITO-DANADA-PRECONFIRMACI,126
/TARJETAS/REPONER-TARJETA-DEBITO,127
/TARJETAS/REPONER-TARJETA-DEBITO-ROBO-EXTRAVIO-CONFIR,128
/PERFIL/EDITAR-DOMICILIO,129
/PERFIL/GUSTOS-PREFERENCIAS-EXITO,130
/TARJETAS/UPGRADE,131
/TRANSFERENCIAS/INFORMACION-CONTACTO/0,132
/SEGURIDAD/TOKEN-VIRTUAL,133
HB : EMINENT : UPGRADE DE PAQUETES : ERROR 500 : ERRO,134
BUSCADORDECAJEROSYSUCURSALES : SUCURSALES,135
PRODUCTOSYSERVICIOS : TARJETASGALICIACREDITO,136
PERSONAS : SACATUTARJETA,137
PRODUCTOSYSERVICIOS : PRESTAMOSPERSONALES,138
/SEGURIDAD/CAMBIAR-CLAVE-EXPIRADA-CONFIRMACION,139
/TARJETAS/PAGAR,140
/TARJETAS/DEBITO-AUTOMATICO-EDITAR,141
PRODUCTOSYSERVICIOS : TARJETASGALICIAEMINENTPLATINUM,142
PRODUCTOSYSERVICIOS : BENEFICIOS TARJETAS EMINENT VIA,143
PRODUCTOSYSERVICIOS : TARJETAGALICIAAMERICANEXPRESSPL,144
PRODUCTOSYSERVICIOS : TARJETAGALICIAVISAPLATINUM,145
/TARJETAS/MONTOPAGAR,146
HB : EMINENT : UPGRADE DE PAQUETE : INGRESAR DOMICILI,147
0,148
HB : EMINENT : UPGRADE DE PAQUETE : CONFIRMACION,149
/SEGURIDAD/GENERAR-CLAVE,150
/SEGURIDAD/GENERAR-CLAVE-INGRESAR-DU,151
/AYUDA/PREGUNTAS_TARJETAS,152
/VISAHOME/VISA-HOME,153
/TARJETAS/AUMENTAR-LIMITE-TRANSITORIO-PRECONFIRMACION,154
PRODUCTOSYSERVICIOS : PORTELEFONO,155
/PERFIL/EDITAR-CELULAR,156
/PERFIL/EDITAR-CELULAR-PRECONFIRMACION,157
/PERFIL/EDITAR-CELULAR-CONFIRMACION,158
/TARJETAS/AUMENTAR-LIMITE-TRANSITORIO-CONFIRMACION,159
/PAGOS/BUSCARDEUDA,160
/TRANSFERENCIAS/TERCEROS-CBU,161
/PAGOS/PAGO-MIS-CUENTAS-AFIP,162
/INVERSIONES/CONSTITUIR-PLAZO-FIJO,163
/INVERSIONES/CARGAR-CAPITAL-PLAZO-FIJO,164
/INVERSIONES/SELECCIONAR-FECHA-VENCIMIENTO,165
/SEGUROS/INICIO,166
/ERROR/FUERADESERVICIO,167
HB :  : LOGIN,168
HB : MASIVO : OPERACIONES : PLAZO FIJO : PASO 1 : FOR,169
HB : MASIVO : OPERACIONES : PLAZO FIJO : ALERTAS : EL,170
HB : MASIVO : OPERACIONES : PLAZO FIJO : PASO 2 : CHE,171
HB : MASIVO : OPERACIONES : PLAZO FIJO : PASO 3 : CON,172
/MONEDAEXTRANJERA/CONFIRMACIONCOMPRADOLARES,173
HB : MASIVO : OPERACIONES : PLAZO FIJO : ALERTAS : LA,174
/PAGOS/RECARGAR-CELULAR,175
/PAGOS/RECARGAR-CELULAR-NUMERO,176
/PAGOS/RECARGAR-CELULAR-MONTO,177
/PAGOS/PRECONFIRMACIONRECARGACELULAR,178
/PAGOS/CONFIRMACIONRECARGACELULAR,179
/TRANSFERENCIAS/INFORMACION-CONTACTO/2,180
HB : MASIVO : OPERACIONES : FONDOS FIMA : INICIO,181
/TRANSFERENCIAS/TERCEROS-EXITO,182
/TRANSFERENCIAS/TERCEROS-IDENTIFICACION-DESTINATARIO,183
PRODUCTOSYSERVICIOS : COMPRADEDOLARES,184
HB : EMINENT : EN ESTE MOMENTO NO PODEMOS ACCEDER A S,185
/TARJETAS/PRECONFIRMACIONPAGO,186
/TARJETAS/CONFIRMACIONPAGO,187
/FUERA-DE-SERVICIO,188
PERSONAS : RESULTADO DE BUSQUEDA,189
/INVERSIONES/SELECCIONAR-INVERSION,190
/INVERSIONES/CONSULTAR-ORDENES,191
HB : EMINENT : CONSULTAS : ERRORES : SALDO CA$ NO DIS,192
HB : EMINENT : CONSULTAS : ERRORES : SALDO CAU$S NO D,193
HB : EMINENT : CONSULTAS : ERRORES : SALDO CC$ NO DIS,194
HB : EMINENT : OPERACIONES : FONDOS FIMA : OPERAR,195
HB : EMINENT : OPERACIONES : FONDOS FIMA : RESCATE :,196
HB : EMINENT : QUIERO : PASO 1 : SUSCRIPCION,197
HB : EMINENT : QUIERO : PASO 2 : INSCRIBIRSE AL PROGR,198
INSTITUCIONAL : TELEFONOSUTILES,199
HB : MASIVO : LOGIN : ERRORES : NO ES UN CLIENTE BANC,200
PRODUCTOSYSERVICIOS : OFFICE EXPRESS,201
WEB : EMPRESAS,202
WEB : NEGOCIOSYPYMES,203
/TRANSFERENCIAS/AGREGAR-CONTACTO,204
BENEFICIOSYPROMOCIONES : ESPECIALSABADO,205
FICHAS : RUBRO,206
/GLOBAL/BAJA-PRODUCTO,207
PRODUCTOSYSERVICIOS : PROPUESTA EMINENT CONECTA,208
HB : EMINENT : OPERACIONES : PLAZO FIJO : ALERTAS : L,209
/INVERSIONES/SELECCIONAR-ACCION-VENCIMIENTO,210
/INVERSIONES/PRECONFIRMACION-ALTA-PLAZO-FIJO,211
/INVERSIONES/EXITO-ALTA-PLAZO-FIJO,212
/TARJETAS/RESUMEN/2,213
PRODUCTOSYSERVICIOS : PREGUNTA SEGUROS BANCO GALICIA,214
/PAGOS/EJECUCIONPAGOMULTIPLE,215
HB : MASIVO  : CONSULTAS : ERRORES : ACCESO A CUENTAS,216
/CUENTASPROYECTO/PREPARARRESERVA,217
/CUENTASPROYECTO/PRECONFIRMARRESERVA,218
/CUENTASPROYECTO/CONFIRMACIONRESERVA,219
/CUENTASPROYECTO/ALTA,220
/CUENTASPROYECTO/CARGARMONTOOBJETIVO,221
/CUENTASPROYECTO/CARGARFECHAOBJETIVO,222
/CUENTASPROYECTO/CARGARMAIL,223
/CUENTASPROYECTO/PRECONFIRMARALTA,224
/CUENTASPROYECTO/CONFIRMARALTA,225
/CUENTASPROYECTO/PREPARARRESCATE,226
/CUENTASPROYECTO/PRECONFIRMARRESCATE,227
/CUENTASPROYECTO/CONFIRMACIONRESCATE,228
BENEFICIOSYPROMOCIONES : ONESHOT,229
PRODUCTOSYSERVICIOS : CLAVEGALICIANOLARECORDAS,230
HB : MASIVO : LOGIN : OBTENE TU USUARIO,231
/AYUDA/PREGUNTAS_PAGOS,232
/TRANSFERENCIAS/INFORMACION-CONTACTO/4,233
/TRANSFERENCIAS/INFORMACION-CONTACTO/9,234
/TARJETAS/CONSUMOS-TARJETA-DEBITO/1,235
/PAGOS/BUSCAREMPRESAADHESION,236
/PAGOS/BUSCARDEUDAADHESION,237
HB : MASIVO : LOGIN : ERRORES : CLAVE GALICIA BLOQUEA,238
BENEFICIOSYPROMOCIONES : QUIEROVIAJES,239
/TRANSFERENCIAS/INFORMACION-CONTACTO/6,240
BENEFICIOSYPROMOCIONES : AUTOPISTAS RTD MAS,241
HB : MASIVO : PEDIDOS : ESTADO DE SOLICITUDES : DETAL,242
WEB : RURAL,243
/TRANSFERENCIAS/INICIONUEVOCONTACTOCONFIRMACION,244
/TRANSFERENCIAS/NUEVOCONTACTO,245
/TRANSFERENCIAS/NUEVOCONTACTOPRECONFIRMACION,246
/TRANSFERENCIAS/NUEVOCONTACTOCONFIRMAR,247
/TRANSFERENCIAS/INFORMACION-CONTACTO/16,248
PRODUCTOSYSERVICIOS : BILLETERA VIRTUAL TODO PAGO BAN,249
PERSONAS : RESUMEN ATENCION AL CLIENTE,250
PRODUCTOSYSERVICIOS : PREGUNTAS INVERSIONES BANCO GAL,251
PRODUCTOSYSERVICIOS : GALICIACONECTA,252
HB : EMINENT : LOGIN : ERRORES : REQUIERE CAMBIO DE P,253
HB : EMINENT : PEDIDO PRESTAMOS PERSONALES : PASO 2 :,254
HB : MASIVO : OPERACIONES : PLAZO FIJO : ALERTAS : AL,255
/SEGURIDAD/CAMBIAR-CLAVE-EXPIRADA,256
EMINENT : SOLICITEELSERVICIO,257
HB : EMINENT : LOGIN : ERRORES : ERROR GRAVE,258
PRODUCTOSYSERVICIOS : PLAZOFIJOGALICIA,259
/INVERSIONES/LICITAR,260
/INVERSIONES/LICITAR-MONTO,261
/INVERSIONES/LICITAR-CONTACTO,262
/INVERSIONES/LICITAR-PRECONFIRMACION,263
/INVERSIONES/LICITAR-CONFIRMACION,264
HB : MASIVO : CONSULTAS : ERRORES : SALDO CA$ NO DISP,265
HB : MASIVO : CONSULTAS : ERRORES : SALDO CAU$S NO DI,266
HB : MASIVO : CONSULTAS : ERRORES : SALDO CC$ NO DISP,267
WEB : MOVE,268
BENEFICIOSYPROMOCIONES : ESPECIALSABADOPREFER,269
PRODUCTOSYSERVICIOS : PROCREAR BANCO GALICIA,270
BENEFICIOSYPROMOCIONES : FARMACITY,271
HB : MASIVO : CONSULTAS : SIDEBAR DERECHO : PAGOS,272
PRODUCTOSYSERVICIOS : GALICIA PERFIL INVERSOR PERSONA,273
HB : MASIVO : OPERACIONES : FONDOS FIMA : OPERAR,274
HB : MASIVO : OPERACIONES : FONDOS FIMA : SUSCRIPCION,275
/PERFIL-INVERSOR/INICIO,276
/PERFIL-INVERSOR/ENCUESTA,277
/PERFIL-INVERSOR/ENCUESTA-PRECONFIRMACION,278
/PERFIL-INVERSOR/ENCUESTA-EXITO,279
/INVERSIONES/SUSCRIBIR-CUENTA-COMITENTE,280
/INVERSIONES/SUSCRIBIR-CUENTA-COMITENTE-TYC,281
/INVERSIONES/SUSCRIBIR-CUENTA-COMITENTE-PRECONFIRMACI,282
/INVERSIONES/SUSCRIBIR-CUENTA-COMITENTE-CONFIRMACION,283
/INVERSIONES/SUSCRIBIR-FONDO-FIMA,284
/PRESTAMOS/SOLICITAR-SELECCIONAR-DESTINO,285
/PRESTAMOS/SOLICITAR-SELECCIONAR-CUENTAS,286
/PRESTAMOS/SOLICITAR-PRECONFIRMACION,287
/AYUDA/PREGUNTAS_GENERALES,288
PRODUCTOSYSERVICIOS : PRESTAMOS PERSONALES BANCO GALI,289
/TARJETAS/DEBITO-AUTOMATICO-EDITAR-PRECONFIRMACION,290
/TARJETAS/DEBITO-AUTOMATICO-EDITAR-CONFIRMACION,291
/PERFIL/RETIRAR-SUCURSAL,292
/PERFIL/RETIRAR-SUCURSAL-CONTACTO,293
/PERFIL/RETIRAR-SUCURSAL-PRECONFIRMACION,294
/PERFIL/CONFIGURAR-ALERTAS,295
/PRESTAMOS/SOLICITAR-SELECCIONAR-SUBTIPO-PRESTAMO,296
/PERFIL/EDITAR-USUARIO,297
/AYUDA/PREGUNTAS_TRANSFERENCIAS,298
PRODUCTOSYSERVICIOS : ATENCIONTELEFONICA,299
/TARJETAS/SOLICITAR-ADICIONAL,300
PRODUCTOSYSERVICIOS : NUEVO ONLINE BANKING GALICIA EM,301
HB : MASIVO : UPGRADE DE PAQUETES : ERROR 500 : ERROR,302
/AYUDA/PREGUNTAS_PRESTAMOS,303
/AYUDA/PREGUNTAS_PERFIL,304
/PAGOS/BUSCAREMPRESAADHESIONDAS,305
/TRANSFERENCIAS/INFORMACION-CONTACTO/8,306
HB : EMINENT : OPERACIONES : FONDOS FIMA : SUSCRIPCIO,307
HB : EMINENT : LOGIN : ERRORES : NO ES UN CLIENTE BAN,308
HB : EMINENT : FONDOS FIMA : ERRORES : RESCATE - ERRO,309
HB : EMINENT : OPERACIONES : FONDOS FIMA : ALERTAS :,310
HB : EMINENT : OPERACIONES : PLAZO FIJO : ALERTAS : F,311
HB : EMINENT : LOGIN : OBTENE TU USUARIO,312
HB : EMINENT : LOGIN : PRIMER INGRESO,313
PRODUCTOSYSERVICIOS : FONDOSFIMA,314
/TRANSFERENCIAS/INFORMACION-CONTACTO/1,315
/MONEDA-EXTRANJERA/VENTA-DOLARES,316
/MONEDA-EXTRANJERA/PRECALCULOVENTADOLARES,317
/MONEDAEXTRANJERA/CONFIRMACIONVENTADOLARES,318
BENEFICIOSYPROMOCIONES : BENEFICIOS EMINENT MUJER,319
BENEFICIOSYPROMOCIONES : PREVENTA AMALUNA GALICIA EMI,320
HB : MASIVO : PEDIDO PRESTAMOS PERSONALES : PASO 1 :,321
HB : MASIVO : OPERACIONES : PLAZO FIJO : ALERTAS : DE,322
HB : MASIVO : LOGIN : ERRORES : ERROR GRAVE,323
/AYUDA/PREGUNTAS_CUENTAS,324
/PERFIL/EDITAR-MAIL-SEGURIDAD,325
PRODUCTOSYSERVICIOS : PREGUNTAS TARJETAS BANCO GALICI,326
/TARJETAS/CONSUMOS-ADICIONAL/1,327
/TARJETAS/CONSUMOS-ADICIONAL/0,328
/TARJETAS/CONSUMOS-TARJETA-DEBITO/2,329
/TARJETAS/CONSUMOS-TARJETA-DEBITO/3,330
/PERFIL/EDITAR-DOMICILIO-PRECONFIRMACION,331
/PERFIL/EDITAR-DOMICILIO-CONFIRMACION,332
PRODUCTOSYSERVICIOS : TARJETASGALICIAEMINENTBLACK,333
PRODUCTOSYSERVICIOS : TARJETAGALICIAVISASIGNATURE,334
PERSONAS : PEDI TUS PRODUCTOS GALICIA,335
PRODUCTOSYSERVICIOS : TARJETAGALICIAREGALO,336
HB : EMINENT  : CONSULTAS : ERRORES : ACCESO A CUENTA,337
/TARJETAS/AGREGAR-CUENTA-ASOCIADA/0,338
/AYUDA/PREGUNTAS_INVERSIONES,339
PRODUCTOSYSERVICIOS : PRIMEROS PASOS BANCO GALICIA,340
/INVERSIONES/SUSCRIBIR-FONDO-FIMA-MONTO,341
/INVERSIONES/SUSCRIBIR_FONDO_FIMA_PRECONFIRMACION,342
/INVERSIONES/SUSCRIBIR-FONDO-FIMA-CONFIRMACION,343
/INVERSIONES/MODIFICAR-ACCION-VENCIMIENTO,344
/PRESTAMOS/SOLICITAR-EXITO,345
PRODUCTOSYSERVICIOS : PRESTAMOS PERSONALES UVA GALICI,346
/TARJETAS/REPONER-TARJETA-DEBITO-DANADA-CONFIRMACION,347
BUSCADOR BENEFICIOS : EXCLUSIVAS CANJE QUIERO,348
HB : EMINENT : OPERACIONES : PLAZO FIJO : ALERTAS : D,349
HB : EMINENT : OPERACIONES : FONDOS FIMA : INICIO,350
HB : EMINENT : OPERACIONES : FONDOS FIMA : APERTURA D,351
HB : MASIVO : OPERACIONES : FONDOS FIMA : RESCATE : P,352
HB : MASIVO : OPERACIONES : FONDOS FIMA : ALERTAS : D,353
/PERFIL-INVERSOR/ENCUESTA-ALERTA,354
HB : EMINENT : FONDOS FIMA : ERRORES : ERROR NO MANEJ,355
/INVERSIONES/MIS-FONDOS-FIMA,356
PRODUCTOSYSERVICIOS : APP GALICIA PERSONAS,357
HB : MASIVO : LOGIN : RECUPERA TU CLAVE,358
BENEFICIOSYPROMOCIONES : BENEFICIO SUSHICLUB EMINENT,359
HB : MASIVO : CONSULTAS : SIDEBAR DERECHO : PRESTAMOS,360
HB : EMINENT : PEDIDO PRESTAMOS PERSONALES : PASO 3 :,361
HB : EMINENT : PEDIDO PRESTAMOS PERSONALES : PASO 4 :,362
PRODUCTOSYSERVICIOS : PRESTAMOS HIPOTECARIOS UVA,363
/CUENTAS/NUEVA-CAJA-AHORRO,364
PRODUCTOSYSERVICIOS : TODOPAGOMPOS,365
HB : EMINENT : LOGIN : ERRORES : CLAVE GALICIA BLOQUE,366
HB : EMINENT : USUARIO INGRESADO ESTA BLOQUEADO,367
HB : EMINENT : LOGIN : ERRORES : CLIENTE NO INGRESA U,368
PRODUCTOSYSERVICIOS : NUEVO ONLINE BANKING GALICIA,369
WEB : CORPORATIVAS,370
CORPORATIVAS : MERCADODECAPITALESYBANCADEINVERSION,371
BENEFICIOSYPROMOCIONES : EXTRACASH,372
PRODUCTOSYSERVICIOS : FONDOFIMA1,373
BENEFICIOSYPROMOCIONES : RECLAMO PROMOCIONES,374
/INVERSIONES/COMPRAR-BONOS-ACCIONES-INGRESAR-PLAZO,375
/INVERSIONES/COMPRAR-BONOS-ACCIONES-INGRESAR-PRECIO,376
/INVERSIONES/COMPRAR-BONOS-ACCIONES-INGRESAR-NOMINALE,377
/INVERSIONES/COMPRAR-BONOS-ACCIONES-PRECONFIRMACION,378
/INVERSIONES/COMPRAR-BONOS-ACCIONES-EXITO,379
PRODUCTOSYSERVICIOS : PLAZOFIJOUVA,380
EMINENT : RESUMEN ATENCION AL CLIENTE,381
EMINENT : RESULTADO DE BUSQUEDA EMINENT,382
PRODUCTOSYSERVICIOS : CUENTANEGOCIOS,383
PRODUCTOSYSERVICIOS : PREGUNTAS FRECUENTES TOKEN EMI,384
BENEFICIOSYPROMOCIONES : VAMOSLOSJUEVES,385
VAMOSLOSJUEVES1 : MARCAS,386
VERANO2018 : PUNTA DEL ESTE BENEF AMEX,387
HB : MASIVO : LOGIN : ERRORES : TIME OUT,388
HB : EMINENT : LOGIN : ERRORES : CLIENTE NO ADHERIDO,389
/PAGOS/SELECCIONARDEUDA,390
/PAGOS/PRECONFIRMACIONADHESION,391
/PAGOS/CONFIRMACIONADHESION,392
BENEFICIOSYPROMOCIONES : SOLICITATARJETASADICIONALES,393
BENEFICIOSYPROMOCIONES : VUELTA AL COLE PERSONAS,394
BENEFICIOSYPROMOCIONES : BENEFICIOSPREFER,395
BENEFICIOSYPROMOCIONES : DEBITOPREFER,396
BUSCADOR BENEFICIOS : MIS FAVORITOS,397
BUSCADOR BENEFICIOS : EXCLUSIVAS NEGOCIOS Y PYMES,398
/SEGURIDAD/GENERAR-USUARIO,399
/TARJETAS/INGRESAR-ADICIONALES,400
/TARJETAS/INGRESAR-DATOS-ADICIONALES,401
/TARJETAS/INGRESAR-LIMITES-ADICIONALES,402
/TARJETAS/INGRESAR-ENTREGA-ADICIONALES,403
/TARJETAS/INGRESAR-MAIL-ADICIONALES,404
/TARJETAS/SOLICITAR-ADICIONAL-PRE-CONFIRMACION,405
/TARJETAS/SOLICITAR-ADICIONAL-CONFIRMACION,406
PRODUCTOSYSERVICIOS : CONSEJOSUTILESPARAVIAJEROS,407
/TRANSFERENCIAS/INFORMACION-CONTACTO/28,408
/TARJETAS/CONSUMOS/2,409
/TARJETAS/MODIFICAR-LIMITE-COMPRA,410
/TRANSFERENCIAS/INFORMACION-CONTACTO/7,411
/TRANSFERENCIAS/INFORMACION-CONTACTO/19,412
/FILE/DOWNLOAD,413
HB : EMINENT : QUIERO : ERRORES : ERROR CONSULTA ESTA,414
PAGINA : BUSCADORDECAJEROSYSUCURSALES,415
/INVERSIONES/RESCATAR-FONDO-FIMA,416
/INVERSIONES/RESCATAR-FONDO-FIMA-INGRESO-CANTIDAD,417
/INVERSIONES/RESCATAR-FONDO-FIMA-SELECCION-FECHA-PROG,418
/INVERSIONES/RESCATAR-FONDO-FIMA-PRECONFIRMACION,419
/INVERSIONES/RESCATAR_FONDO_FIMA_CONFIRMACION,420
HB : EMINENT : LOGIN : ERRORES : TIME OUT,421
HB : EMINENT : CONSULTAS : ERRORES : BONOS Y ACCIONES,422
HB : MASIVO : LOGIN : RECUPERA TU USUARIO,423
/PERFIL-INVERSOR/ALERTA,424
PRODUCTOSYSERVICIOS : COMPRA Y VENTA MONEDA EXTRANJER,425
PRODUCTOSYSERVICIOS : BONOSYACCIONES,426
HB : MASIVO : QUIERO : PASO 1 : SUSCRIPCION,427
PRODUCTOSYSERVICIOS : CUENTAEMPRESAS,428
/INVERSIONES/SUSCRIBIR-FONDO-FIMA-CLASE,429
/INVERSIONES/SUSCRIBIR_FONDO_FIMA_SELECCION_FECHA_PRO,430
/INVERSIONES/SUSCRIBIR-FONDO-FIMA-PRECONFIRMACION,431
PRODUCTOSYSERVICIOS : CENTROBANCAEMPRESAS,432
PRODUCTOSYSERVICIOS : PAGOSAFIPENOFFICEBANKING,433
PRODUCTOSYSERVICIOS : ASESORIMPOSITIVO,434
PRODUCTOSYSERVICIOS : FONOBANCOEMPRESAS,435
INSTITUCIONAL : RRHH,436
INSTITUCIONAL : RRHH BANCO GALICIA,437
PRODUCTOSYSERVICIOS : RECOMENDAR GALICIA EMINENT,438
/TARJETAS/AGREGAR-CUENTA-ASOCIADA/1,439
/INVERSIONES/BONOS-ACCIONES,440
PRODUCTOSYSERVICIOS : FONDOS FIMA GALICIA,441
/INVERSIONES/COMPRAR-BONOS-ACCIONES,442
/PERFIL/EDITAR-CLAVE,443
/PERFIL/EDITAR-CLAVE-EXITO,444
INSTITUCIONAL : INFORMACION FINANCIERA,445
/TRANSFERENCIAS/INFORMACION-CONTACTO/12,446
PRODUCTOSYSERVICIOS : CUENTASEMPRESAS,447
BENEFICIOSYPROMOCIONES : VUELTA AL COLE EMINENT,448
BENEFICIOSYPROMOCIONES : PREVENTA AMALUNA BANCO GALIC,449
HB : MOVE : CONSULTAS : ERRORES : INFORMACION VISA NO,450
HB : MOVE : CONSULTAS : RESUMEN DE PRODUCTOS : HOME,451
HB : MOVE : CONSULTAS : RESUMEN DE PRODUCTOS : MOVIMI,452
BENEFICIOSYPROMOCIONES : BENEFICIOSISIC,453
VAMOSLOSJUEVES1 : SHOPPINGS,454
HB : MASIVO : PEDIDO PRESTAMOS PERSONALES : PASO 2 :,455
HB : MASIVO : PEDIDO PRESTAMOS PERSONALES : PASO 3 :,456
HB : MASIVO : PEDIDO PRESTAMOS PERSONALES : PASO 4 :,457
PRODUCTOSYSERVICIOS : DEBITOAUTOMATICODESERVICIOS,458
HB : MASIVO : CONSULTAS : ERRORES : INFORMACION MASTE,459
/TRANSFERENCIAS/TERCEROS-SELECCION-FECHA-PROGRAMACION,460
PRODUCTOSYSERVICIOS : COTIZADOR,461
PRODUCTOSYSERVICIOS : EXTRACCIONESENELEXTERIOR,462
/PERFIL/RECOMENDAR-PERSONA-DATOS-PERSONALES,463
/PERFIL/RECOMENDAR-PERSONA-PRECONFIRMACION,464
/PERFIL/RECOMENDAR-PERSONA-CONFIRMACION,465
PRODUCTOSYSERVICIOS : RECOMENDAR GALICIA,466
VERANO2018 : PARADORES,467
VERANO2018 : GASTRONOMIA,468
HB : MASIVO : OPERACIONES : FONDOS FIMA : ALERTAS : E,469
HB : MASIVO : OPERACIONES : FONDOS FIMA : ALERTAS : F,470
PRODUCTOSYSERVICIOS : SERVICIOGALICIAPREFER,471
PRODUCTOSYSERVICIOS : TARJETAGALICIAAMERICANEXPRESSBL,472
PRODUCTOSYSERVICIOS : PRESTAMOS HIPOTECARIOS UVA EMIN,473
/TARJETAS/SELECCION-SUCURSAL,474
PRODUCTOSYSERVICIOS : PRIORITYPASS,475
/PERFIL/ELIMINAR-MAIL,476
/PERFIL/ELIMINAR-MAIL-PRECONFIRMACION,477
HB : EMINENT : LOGIN : RECUPERA TU CLAVE,478
PRODUCTOSYSERVICIOS : PRESTAMOS PERSONALES UVA EMINEN,479
BENEFICIOSYPROMOCIONES : COMOSUMARPUNTOS,480
/TRANSFERENCIAS/INFORMACION-CONTACTO/11,481
/TRANSFERENCIAS/INFORMACION-CONTACTO/13,482
/TRANSFERENCIAS/INFORMACION-CONTACTO/3,483
/TARJETAS/DEBITO-AUTOMATICO-ADHERIR,484
/TARJETAS/DEBITO-AUTOMATICO-PRECONFIRMACION,485
/TARJETAS/DEBITO_AUTOMATICO_CONFIRMACION,486
/INVERSIONES/SELECCIONAR-OTRA-FECHA-VENCIMIENTO,487
HB : MOVE : OPERACIONES : PLAZO FIJO : PASO 1 : FORM,488
HB : MOVE : OPERACIONES : PLAZO FIJO : ALERTAS : EL I,489
HB : MOVE : OPERACIONES : PLAZO FIJO : PASO 2 : CHECK,490
HB : MOVE : OPERACIONES : PLAZO FIJO : PASO 3 : CONST,491
HB : MOVE : LOGIN,492
/PERFIL/REPROGRAMAR-ENVIO,493
/PERFIL/REPROGRAMAR-MISMO-DOMICILIO-PRECONFIRMACION,494
/TARJETAS/MODIFICAR-LIMITE-COMPRA-PRECONFIRMACION,495
/TARJETAS/MODIFICAR-LIMITE-COMPRA-CONFIRMACION,496
HB : MASIVO : LOGIN : ERRORES : CLIENTE NO ADHERIDO A,497
PRODUCTOSYSERVICIOS : SEGURODEAUTOS,498
PRODUCTOSYSERVICIOS : INVERTIR LARGO PLAZO GALICIA EM,499
/CUENTASPROYECTO/PREPARARPROGRAMARRESERVA,500
/CUENTASPROYECTO/CARGARFECHAPROGRAMADA,501
/CUENTASPROYECTO/PRECONFIRMARRESERVAPROGRAMADA,502
PRODUCTOSYSERVICIOS : TARJETAGALICIAREGALOPREGUNTASFR,503
PRODUCTOSYSERVICIOS : OFFICEBANKING,504
/QUIERO/INICIO,505
/TARJETAS/CONSUMOS-ADICIONAL/3,506
/TRANSFERENCIAS/PAGAR-HABERES-MOTIVO,507
VERANOCONQUIERO : PRODUCTOSDELCATALOGO,508
PRODUCTOSYSERVICIOS : TARJETAGALICIAVISABUSINESS,509
/CUENTAS/EDITAR-ALIAS-CBU,510
HB : EMINENT : QUIERO : CANCELAR SUSCRIPCION,511
PRODUCTOSYSERVICIOS : INVERSIONES EMINENT,512
PRODUCTOSYSERVICIOS : BONOSYACCIONES2,513
PRODUCTOSYSERVICIOS : SEGURODEHOGAR,514
PRODUCTOSYSERVICIOS : ACOMPA%C3%B1AMOS TU VIDA EMINEN,515
/INGRESODATOS/INICIO,516
HB : EMINENT : SEGURIDAD,517
HB : EMINENT : LOGIN : AYUDA,518
HB : MASIVO : LOGIN : AYUDA,519
HB :  : AYUDA : BLOCKEO POR POP UP,520
HB : MASIVO : OPERACIONES : FONDOS FIMA : OPERAR : RE,521
PRODUCTOSYSERVICIOS : LICITACIONESPRIMARIAS,522
PRODUCTOSYSERVICIOS : SEGUROBOLSOPROTEGIDO,523
PRODUCTOSYSERVICIOS : PROTECCIONINTEGRALGALICIA,524
BENEFICIOSYPROMOCIONES : BENEFICIO QUIERO IBERIA,525
PRODUCTOSYSERVICIOS : PLAZOFIJOUVA1,526
PRODUCTOSYSERVICIOS : PRESTAMOSHIPOTECARIOSUVA,527
HB : MASIVO : OPERACIONES : FONDOS FIMA : APERTURA DE,528
HB : MASIVO : FONDOS FIMA : ERRORES : ERROR NO MANEJA,529
PRODUCTOSYSERVICIOS : BIENESPERSONALES,530
PRODUCTOSYSERVICIOS : DEBIN BANCO GALICIA,531
HB : MOVE : CONSULTAS : ERRORES : INFORMACION AMEX NO,532
HB : MOVE : PEDIDOS : HOME,533
HB : MASIVO : OPERACIONES : PLAZO FIJO : ERRORES : ER,534
/TARJETAS/CONSUMOS-TARJETA-DEBITO/4,535
/USERS/LOGIN,536
PRODUCTOSYSERVICIOS : SERVICIOSALONEXCLUSIVOAMERICANE,537
HB : MASIVO : FONDOS FIMA : ERRORES : RESCATE - ERROR,538
/GLOBAL/BAJA-PRODUCTO-PRECONFIRMACION,539
/GLOBAL/BAJA-PRODUCTO-CONFIRMACION,540
/SEGURIDAD/GENERAR-USUARIO-INGRESO,541
/SEGURIDAD/GENERAR-USUARIO-CODIGO,542
BENEFICIOSYPROMOCIONES : QUEESQUIERO,543
/TRANSFERENCIAS/INFORMACION-CONTACTO/97,544
PRODUCTOSYSERVICIOS : CAJADEAHORROGALICIA,545
/TRANSFERENCIAS/INFORMACION-CONTACTO/157,546
/TRANSFERENCIAS/INFORMACION-CONTACTO/36,547
/TRANSFERENCIAS/INFORMACION-CONTACTO/49,548
/TRANSFERENCIAS/INFORMACION-CONTACTO/43,549
/TRANSFERENCIAS/CARGARMONTOCUENTASPROPIAS,550
PRODUCTOSYSERVICIOS : PROCREAR GALICIA EMINENT,551
INSTITUCIONAL : PRECIOSYCOMISIONES,552
PRODUCTOSYSERVICIOS : SERVICIOSMS,553
/SEGURIDAD/PRIMER-INGRESO-SELECCION-MAILS,554
/QUIERO/INSCRIPCION,555
/QUIERO/CONFIRMARINSCRIPCION,556
PRODUCTOSYSERVICIOS : CENTRODESEGURIDAD,557
MOVE : HACETEMOVE,558
PRODUCTOSYSERVICIOS : APP GALICIA %C3%A9MINENT,559
PRODUCTOSYSERVICIOS : PROGRAMAQUIERO,560
PRODUCTOSYSERVICIOS : TARJETAGALICIAMASTERCARDBLACK,561
TARJETASGALICIAEMINENTBLACK : AIRPORT EXPERIENCE MAST,562
/TARJETAS/SOLICITAR_TITULAR,563
/TARJETAS/SOLICITAR-TITULAR-ENTREGA,564
/TARJETAS/SOLICITAR-TITULAR-CONDICIONES,565
/TARJETAS/SOLICITAR-TITULAR-NO-PREPACTO,566
/TARJETAS/SOLICITAR-TITULAR-DEBITO,567
/TARJETAS/SOLICITAR-TITULAR-CONTACTO,568
/TARJETAS/SOLICITAR-TITULAR-PRECONFIRMACION,569
/TARJETAS/AUMENTAR_LIMITE_TRANSITORIO,570
HB : MASIVO : UPGRADE DE PAQUETE,571
/TRANSFERENCIAS/TERCEROS-COELSA-BENEFICIARIO,572
/TRANSFERENCIAS/INICIO/0,573
VERANO2018 : BALNEARIOS,574
/TRANSFERENCIAS/INFORMACION-CONTACTO/5,575
/TRANSFERENCIAS/TERCEROS-COELSA-MONEDA,576
/TRANSFERENCIAS/TERCEROS-COELSA-MONTO,577
/TRANSFERENCIAS/TERCEROS-COELSA-CONCEPTO,578
/TRANSFERENCIAS/TERCEROS-COELSA-PRECONFIRMACION,579
/TRANSFERENCIAS/TERCEROS-COELSA-EXITO,580
/SEGURIDAD/INFORMACION-SEGURIDAD,581
PRODUCTOSYSERVICIOS : NUESTRAPROPUESTA,582
HB : MASIVO : QUIERO : ERRORES : ERROR NO MANEJADO,583
BENEFICIOSYPROMOCIONES : ESPECIAL AUTOS BANCO GALICIA,584
/INVERSIONES/DETALLE-COMISIONES,585
PRODUCTOSYSERVICIOS : ESPACIOSEMINENT,586
PRODUCTOSYSERVICIOS : GALICIA EMINENT PERFIL INVERSOR,587
EMINENT : RESULTADO DE BUSQUEDA,588
INVERSIONES : FONDOSFIMA,589
/AYUDA/GALICIA-CONECTA,590
/AYUDA/GALICIA-CONECTA-CONFIRMACION,591
HB : EMINENT : FONDOS FIMA : ERRORES : SUSCRIPCION -,592
HB : MASIVO : LOGIN : ERRORES : CLIENTE NO INGRESA US,593
HB : EMINENT : OPERACIONES : PLAZO FIJO : ERRORES : E,594
PRODUCTOSYSERVICIOS : PREGUNTAS QUIERO BANCO GALICIA,595
HB :  : LOGIN : PRIMER INGRESO,596
HB :  : LOGIN : RECUPERA TU CLAVE,597
HB : MASIVO : CONSULTAS : SIDEBAR DERECHO : SMS,598
/TRANSFERENCIAS/PAGAR_HABERES,599
/TRANSFERENCIAS/PAGAR-HABERES-DESTINO,600
/TRANSFERENCIAS/PAGAR-HABERES-MONTO,601
/TRANSFERENCIAS/PAGAR-HABERES-PRECONFIRMACION,602
/TRANSFERENCIAS/PAGAR-HABERES-CONFIRMACION,603
PRODUCTOSYSERVICIOS : ADELANTOENEFECTIVO,604
BENEFICIOSYPROMOCIONES : SUSHICLUB SAN VALENTIN.EMINE,605
HB : MASIVO : OPERACIONES : PLAZO FIJO : ERRORES : PF,606
PRODUCTOSYSERVICIOS : TARJETAGALICIAVISA,607
HB : MASIVO : FONDOS FIMA : ERRORES : ERROR AL OBTENE,608
/INVERSIONES/MODIFICAR-ACCION-VENCIMIENTO-PRECONFIRMA,609
/INVERSIONES/MODIFICAR-ACCION-VENCIMIENTO-CONFIRMACIO,610
/SELECCIONOFERTA,611
/ERROR/INICIOAJAX,612
HB : MASIVO : QUIERO : CANCELAR SUSCRIPCION,613
/PERFIL/EDITAR-MAIL-PRECONFIRMACION,614
/PERFIL/EDITAR-MAIL-CONFIRMACION,615
BENEFICIOSYPROMOCIONES : BENEF UMA VITAMINA GALICIA E,616
PRODUCTOSYSERVICIOS : INVERSIONES,617
HB : EMINENT : CONSULTAS : SIDEBAR DERECHO : SMS,618
INSTITUCIONAL : INFORMACIONCORPORATIVA,619
INSTITUCIONAL : CVS AUTORIDADES BANCO GALICIA,620
PRODUCTOSYSERVICIOS : ATENCIONUNOAUNO,621
/SEGURIDAD/GENERAR-USUARIO-CONFIRMACION,622
/PAGOS/INGRESARREFERENCIAADHESIONDAS,623
/PAGOS/SELECCIONCUENTADEBITODAS,624
/PAGOS/PRECONFIRMACIONALTADAS,625
/PAGOS/EJECUCIONALTADAS,626
/PAGOS/CONFIRMACIONALTADAS,627
INSTITUCIONAL : COMUNICADODEPRENSA,628
PRODUCTOSYSERVICIOS : PROCREAR,629
PRODUCTOSYSERVICIOS : APPGALICIA2,630
BUSCADORDECAJEROSYSUCURSALES : CAJEROSAUTOMATICOS,631
PAGINA : RESUMEN ATENCION AL CLIENTE,632
PAGINA : RESULTADOS ATENCION AL CLIENTE,633
PRODUCTOSYSERVICIOS : PREGUNTAS PRESTAMOS BANCO GALIC,634
PRODUCTOSYSERVICIOS : CAJEROSAUTOMATICOS,635
PRODUCTOSYSERVICIOS : TERMINALESDEAUTOSERVICIO,636
HB : EMINENT : OPERACIONES : FONDOS FIMA : OPERAR : R,637
PRODUCTOSYSERVICIOS : CUENTA SAS,638
/SEGURIDAD/GENERAR-CLAVE-PREGUNTA-PERSONAL,639
/SEGURIDAD/GENERAR-CLAVE-PREGUNTA-PRODUCTO,640
HB : MASIVO : QUIERO : ERRORES : ERROR CONSULTA ESTAD,641
PRODUCTOSYSERVICIOS : TARJETA GALICIA AMEX GOLD,642
PRODUCTOSYSERVICIOS : GALICIASUELDOS,643
PRODUCTOSYSERVICIOS : GALICIASUELDOSEMINENT,644
PRODUCTOSYSERVICIOS : EVENTOSEMINENT,645
PRODUCTOSYSERVICIOS : EVENTOSDEPORTIVOS,646
PRODUCTOSYSERVICIOS : EVENTOSCULTURALESYEDUCATIVOS,647
/TRANSFERENCIAS/INICIO/2,648
BENEFICIOSYPROMOCIONES : REFERIDOSEMINENT,649
/TARJETAS/CONSUMOS/3,650
/TARJETAS/RESUMEN/3,651
PRODUCTOSYSERVICIOS : MONEDAEXTRANJERA,652
/SEGURIDAD/GENERAR-CLAVE-INGRESAR-PIN,653
/SEGURIDAD/GENERAR-CLAVE-EXITO,654
/SEGURIDAD/PRIMER-INGRESO,655
/SEGURIDAD/PRIMER-INGRESO-FIRMA-TERMINOS-Y-CONDICIONE,656
/SEGURIDAD/PRIMER-INGRESO-EXITO,657
PRODUCTOSYSERVICIOS : COMOFUNCIONALATARJETAGALICIADEB,658
HB : MOVE : CONSULTAS : SIDEBAR DERECHO : PRESTAMOS,659
HB : MOVE : PEDIDO PRESTAMOS PERSONALES : PASO 1 : SI,660
HB : MOVE : QUIERO : HOME,661
BENEFICIOSYPROMOCIONES : BENEFICIOSDELASTARJETASDECRE,662
/AYUDA/PREGUNTAS_SEGUROS,663
BENEFICIOSYPROMOCIONES : RECLAMO PUNTOS QUIERO,664
/CUENTASPROYECTO/EDITAR-CUENTA-PROYECTO,665
/CUENTASPROYECTO/EDITAR-CUENTA-PROYECTO-MONTO-OBJETIV,666
/CUENTASPROYECTO/EDITAR-CUENTA-PROYECTO-FECHA-OBJETIV,667
/CUENTASPROYECTO/EDITAR-CUENTA-PROYECTO-MAIL,668
/CUENTASPROYECTO/EDITAR-CUENTA-PROYECTO-PRECONFIRMACI,669
/CUENTASPROYECTO/EDITAR-CUENTA-PROYECTO-EXITO,670
/TARJETAS/UPGRADE-ENTREGA,671
/TARJETAS/UPGRADE-CONTACTO,672
/TARJETAS/UPGRADE-PRECONFIRMACION,673
/TARJETAS/UPGRADE-EXITO,674
PRODUCTOSYSERVICIOS : ACOMPA%C3%B1AMOS TU VIDA BANCO,675
BENEFICIOSYPROMOCIONES : VAMOSLOSJUEVES1,676
PRODUCTOSYSERVICIOS : CUENTAPROYECTO,677
PRODUCTOSYSERVICIOS : PREGUNTASFRECUENTESCUENTAPROYEC,678
PREGUNTASFRECUENTESCUENTAPROYECTO : OPERATORIAEINTERE,679
PRODUCTOSYSERVICIOS : GALICIASUELDOSPREFER,680
PRODUCTOSYSERVICIOS : USUARIO,681
HB : MASIVO : USUARIO INGRESADO ESTA BLOQUEADO,682
HB : MASIVO : UPGRADE DE PAQUETE : INGRESAR DOMICILIO,683
HB : MASIVO : UPGRADE DE PAQUETE : CONFIRMACION,684
/AYUDA/PREGUNTAS_QUIERO,685
BENEFICIOSYPROMOCIONES : BENEFICIOS UMA VITAMINA GALI,686
/PERFIL/EDITAR-MAIL-SEGURIDAD-PRECONFIRMACION,687
/PERFIL/EDITAR-MAIL-SEGURIDAD-CONFIRMACION,688
PRODUCTOSYSERVICIOS : TARJETA GALICIA VISA INTERNACIO,689
PRODUCTOSYSERVICIOS : PAGOMISCUENTAS,690
HB : MASIVO : QUIERO : PASO 2 : INSCRIBIRSE AL PROGRA,691
PRODUCTOSYSERVICIOS : TODO PAGO APP EXTRAER DINERO,692
/CUENTAS/EDITAR-ALIAS-CBU-PRECONFIRMACION,693
/CUENTAS/EDITAR-ALIAS-CBU-CONFIRMACION,694
PRODUCTOSYSERVICIOS : FINANCIACIONCORTOPLAZO,695
PRODUCTOSYSERVICIOS : PRESTAMOSFINANCIEROYLINEASDEINV,696
PRODUCTOSYSERVICIOS : PRESTAMOSEMPRENDEDORES,697
PRODUCTOSYSERVICIOS : HABERES,698
BENEFICIOSYPROMOCIONES : BENEFICIOSNEGOCIOSYPYMES,699
/TRANSFERENCIAS/INFORMACION-CONTACTO/32,700
HB : EMINENT : FONDOS FIMA : ERRORES : ERROR AL OBTEN,701
PRODUCTOSYSERVICIOS : CHEQUESONLINE,702
PRODUCTOSYSERVICIOS : GALICIALEASING,703
VERANO2018 : BENEF PUNTA MASTER,704
HB : EMINENT : OPERACIONES : FONDOS FIMA : INICIO : R,705
HB : EMINENT : OPERACIONES : PLAZO FIJO : ERRORES : P,706
PRODUCTOSYSERVICIOS : LETESDOLARES,707
PRODUCTOSYSERVICIOS : TARJETAGALICIAAMERICANEXPRESSGO,708
HB : MOVE : PEDIDOS : ESTADO DE SOLICITUDES,709
PRODUCTOSYSERVICIOS : ACCIDENTESPERSONALES,710
HB : MOVE : LOGIN : ERRORES : USUARIO INGRESADO NO CO,711
HB : MOVE : OPERACIONES : FONDOS FIMA : OPERAR,712
HB : MOVE : OPERACIONES : FONDOS FIMA : OPERAR : RECU,713
HB : MOVE : OPERACIONES : FONDOS FIMA : SUSCRIPCION :,714
BENEFICIOSYPROMOCIONES : CIRQUE AMALUNA CANJE QUIERO,715
PRODUCTOSYSERVICIOS : TARJETAGALICIADEBITOMOVE,716
MOVE : ATENCION AL CLIENTE MOVE,717
BENEFICIOSYPROMOCIONES : HACETEMOVE 1,718
PRODUCTOSYSERVICIOS : PRESTAMO AGUINALDO NEGOCIOS Y P,719
HB : MOVE : LOGIN : ERRORES : CLAVE DE IDENTIFICACIÓ,720
HB : MOVE : CONSULTAS : SIDEBAR DERECHO : PAGOS,721
HB : MOVE : PEDIDOS : ESTADO DE SOLICITUDES : ERRORES,722
PRODUCTOSYSERVICIOS : TARJETAGALICIAMASTERCARDPLATINU,723
PRODUCTOSYSERVICIOS : TARJETAGALICIAVISAGOLD,724
/PAGOS/PAUSAR-DEBITO-AUTOMATICO,725
INSTITUCIONAL : INFORMACION AL USUARIO FINANCIERO GAL,726
PRODUCTOSYSERVICIOS : PRESTAMOSHIPOTECARIOSUVI,727
HB : MOVE : QUIERO : ERRORES : ERROR NO MANEJADO,728
PRODUCTOSYSERVICIOS : PREGUNTASFRECUENTES,729
PRODUCTOSYSERVICIOS : CENTRODEATENCION,730
PRODUCTOSYSERVICIOS : NUEVO ONLINE BANKING GALICIA MO,731
VERANO2018 : PUNTA DEL ESTE,732
/INVERSIONES/VENDER-BONOS-ACCIONES-INGRESAR-PLAZO,733
/INVERSIONES/VENDER-BONOS-ACCIONES-INGRESAR-PRECIO,734
/INVERSIONES/VENDER-BONOS-ACCIONES-INGRESAR-NOMINALES,735
/INVERSIONES/VENDER-BONOS-ACCIONES-PRECONFIRMACION,736
/INVERSIONES/VENDER-BONOS-ACCIONES-EXITO,737
PRODUCTOSYSERVICIOS : CUENTABASICA,738
HB :  : LOGIN : OBTENE TU USUARIO,739
PRODUCTOSYSERVICIOS : SERVICIOCUENTASIMPLE,740
PRODUCTOSYSERVICIOS : SERVICIOGALICIACLASSIC,741
PRODUCTOSYSERVICIOS : SERVICIOCUENTATOTAL,742
HB : MOVE : OPERACIONES : FONDOS FIMA : RESCATE : PAS,743
PRODUCTOSYSERVICIOS : BANCO GALICIA ACTIVACION AMERIC,744
HB : MOVE : OPERACIONES : PLAZO FIJO : ALERTAS : LA F,745
HB : MOVE : OPERACIONES : PLAZO FIJO : ALERTAS : AL M,746
HB : MOVE : PEDIDOS : ESTADO DE SOLICITUDES : DETALLE,747
PRODUCTOSYSERVICIOS : ASISTENCIAGALICIAENVIAJES,748
/TARJETAS/REPONER-TC,749
MOVE : RESULTADO DE BUSQUEDA,750
PRODUCTOSYSERVICIOS : HACETEISIC,751
PRODUCTOSYSERVICIOS : LICITACIONES PRIMARIAS_GALICIA,752
HB : MASIVO : CONSULTAS : ERRORES : BONOS Y ACCIONES,753
/INVERSIONES/SELECCIONAR-PAGO-PERIODICO-INTERESES,754
HC : TC : PASO 2.1 : OFERTA,755
HC : TC : PASO 2.1 : ERRORES : CONSULTAEVALUACIONINDI,756
PREGUNTASFRECUENTESCUENTAPROYECTO : APERTURAYCIERRE,757
HB : MASIVO : LOGIN : ERRORES : NO POSEE PRODUCTOS AD,758
PRODUCTOSYSERVICIOS : SEGURODECELULAR,759
HB : MOVE : USUARIO INGRESADO ESTA BLOQUEADO,760
PRODUCTOSYSERVICIOS : TARJETAGALICIAMASTERCARDMOVE,761
PRODUCTOSYSERVICIOS : TARJETA GALICIA VISA GOLD,762
PRODUCTOSYSERVICIOS : EXTRACASH,763
/CUENTAS/ALTA-ALIAS-CBU,764
/CUENTAS/ALTA-ALIAS-CBU-PRECONFIRMACION,765
/PERFIL/EDITAR-USUARIO-PRECONFIRMACION,766
/PERFIL/EDITAR-USUARIO-CONFIRMACION,767
EMPRESAS : RESULTADO DE BUSQUEDA,768
PRODUCTOSYSERVICIOS : TARJETAGALICIAVISACORPORATE,769
/MONEDA-EXTRANJERA/TERMINOSYCONDICIONES,770
/TARJETAS/PRECONFIRMARREPOSICION,771
/TARJETAS/CONFIRMACIONREPOSICION,772
/CUENTAS/ELIMINAR-ALIAS-CBU-PRECONFIRMACION,773
/CUENTAS/ELIMINAR-ALIAS-CBU-CONFIRMACION,774
PRODUCTOSYSERVICIOS : GESTIONDECHEQUES,775
/TRANSFERENCIAS/INICIO/1,776
/TRANSFERENCIAS/TRANSFERIRALTOMONTO,777
/TARJETAS/SELECCIONARTARJETAREPOSICION,778
PRODUCTOSYSERVICIOS : CUENTAPYMES,779
PRODUCTOSYSERVICIOS : TARJETA GALICIA VISA PLATINUM,780
PRODUCTOSYSERVICIOS : TARJETA GALICIA MASTERCARD GOLD,781
PRODUCTOSYSERVICIOS : GALICIACOMERCIOS,782
NEGOCIOSYPYMES : HACETECLIENTE,783
PRODUCTOSYSERVICIOS : TARJETA GALICIA MASTERCARD INTE,784
PRODUCTOSYSERVICIOS : GALICIAMOBILE,785
/PRESTAMOS/SOLICITAR-TERMINOS-Y-CONDICIONES,786
PRODUCTOSYSERVICIOS : TARJETA GALICIA AMEX INTERNACIO,787
/AYUDA/MAPA-DEL-SITIO,788
BENEFICIOSYPROMOCIONES : PREVENTA AMALUNA GALICIA MOV,789
/CUENTASPROYECTO/CONFIRMACIONRESERVAPROGRAMADA,790
PRODUCTOSYSERVICIOS : TARJETAGALICIAREGALOCONDICIONES,791
BENEFICIOSYPROMOCIONES : AUTOPISTAS RTD EMINENT,792
/CUENTAS/PEDIR-CHEQUERAS,793
/TRANSFERENCIAS/INFORMACION-CONTACTO/30,794
/TRANSFERENCIAS/INFORMACION-CONTACTO/14,795
PRODUCTOSYSERVICIOS : TARJETAGALICIAAMERICANEXPRESSIN,796
/TARJETAS/MODIFICAR-CUENTA-PRIMARIA/0,797
/PERFIL/REPROGRAMAR-DOMICILIO-CONTACTO,798
/PERFIL/REPROGRAMAR-DOMICILIO-PRECONFIRMACION,799
/PERFIL/REPROGRAMAR-DOMICILIO-CONFIRMACION,800
/INVERSIONES/CODIGO-PROTECCION-INVERSOR,801
CAJEROSAUTOMATICOS : NOVIDENTE,802
PRODUCTOSYSERVICIOS : LAPOSWEB,803
PRODUCTOSYSERVICIOS : NORMATIVA TARJETA DEBITO COMERC,804
PRODUCTOSYSERVICIOS : PAGOS,805
PRODUCTOSYSERVICIOS : PROPUESTAMOVE,806
/PAGOS/PRECONFIRMARPAUSARDAS,807
PRODUCTOSYSERVICIOS : PRESTAMOSHIPOTECARIOS,808
HC:STEP01:APPLICATION FORM,809
HC : TC : PASO 2.2 : VER OTRA OFERTA,810
/TRANSFERENCIAS/INFORMACION-CONTACTO/10,811
PRODUCTOSYSERVICIOS : TARJETA GALICIA AMEX PLATINUM,812
PRODUCTOSYSERVICIOS : PLAZOFIJOGALICIA1,813
PRODUCTOSYSERVICIOS : MENSAJERIASWIFT,814
PRODUCTOSYSERVICIOS : SWIFT MENSAJERIA MT940,815
/TRANSFERENCIAS/DONAR,816
/TARJETAS/SOLICITAR-TITULAR,817
PRODUCTOSYSERVICIOS : PAGODEHABERES,818
PRODUCTOSYSERVICIOS : FORMULARIOS DE SOLICITUD DE PRO,819
BENEFICIOSYPROMOCIONES : ESPECIALJUGUETERIAS,820
/TRANSFERENCIAS/INFORMACION-CONTACTO/17,821
INSTITUCIONAL : RESUMEN ATENCION AL CLIENTE,822
NEGOCIOSYPYMES : RESUMEN ATENCION AL CLIENTE,823
HB : EMINENT : LOGIN : RECUPERA TU USUARIO,824
/PERFIL/ENVIO_RESUMENES_PRECONFIRMACION,825
/PERFIL/ENVIO_RESUMENES_EXITO,826
PRODUCTOSYSERVICIOS : PINBANELCO,827
PRODUCTOSYSERVICIOS : NUEVA CLAVE ALFABETICA BANCO GA,828
PRODUCTOSYSERVICIOS : PRESTAMOSPERSONALESPARAAUTOS,829
/TARJETAS/MODIFICAR_LIMITE_COMPRA_CONFIRMACION,830
/SELECCIONOFERTA/MOSTRAROFERTAS,831
/FORMULARIONOCTURNO,832
HB : MOVE : LOGIN : RECUPERA TU USUARIO,833
/TRANSFERENCIAS/INFORMACION-CONTACTO/21,834
/TRANSFERENCIAS/INFORMACION-CONTACTO/20,835
HB : MASIVO : AYUDA : LLAMENOS,836
PRODUCTOSYSERVICIOS : FACTURAELECTRONICA,837
PRODUCTOSYSERVICIOS : STOP DEBIT SERVICIOS BANCO GALI,838
PRODUCTOSYSERVICIOS : DEBITOAUTOMATICO,839
NEGOCIOSYPYMES : RESULTADO DE BUSQUEDA,840
FICHAS : SHOPPING,841
/SEGURIDAD/TARJETA-COORDENADAS-VALIDACION,842
/PAGOS/PAGAR-NUEVO-SBAERVICIO,843
/PAGOS/DESADHERIR-A-DEBITO-AUTOMATICO,844
/PAGOS/PRECONFIRMARDESADHERIRDAS,845
/TRANSFERENCIAS/PAGAR-HABERES-DESTINO-CONFIRMACION,846
/ICAMBIO%20DE%20CBUNICIO,847
PRODUCTOSYSERVICIOS : SEGURODEVIDAYPROTECCIONFAMILIAR,848
PRODUCTOSYSERVICIOS : PROTECCIONTECNOPORTATIL,849
VERANO2018 : HOTELES,850
EMINENT : CALIFICACION ATENCION AL CLIENTE,851
HB : MOVE : QUIERO : ERRORES : ERROR CONSULTA ESTADO,852
HB : MOVE : OPERACIONES : PLAZO FIJO : ALERTAS : DEBE,853
/TRANSFERENCIAS/INFORMACION-CONTACTO/26,854
/TRANSFERENCIAS/INFORMACION-CONTACTO/15,855
PRODUCTOSYSERVICIOS : SEGURO BICI GALICIA EMINENT,856
HB : MASIVO : OPERACIONES : PLAZO FIJO : ALERTAS : FO,857
PRODUCTOSYSERVICIOS : COBROS,858
PRODUCTOSYSERVICIOS : BANCO GALICIA ACTIVACION VISA G,859
/PERFIL/ELIMINAR-MAIL-CONFIRMACION-ALERTA,860
HB : MOVE : EN ESTE MOMENTO NO PODEMOS ACCEDER A SU I,861
PRODUCTOSYSERVICIOS : COBRANZAS,862
/TRANSFERENCIAS/INICIO/4,863
PRODUCTOSYSERVICIOS : COMUNIDADELECTRONICADECOBROS,864
PRODUCTOSYSERVICIOS : CAJASDESEGURIDAD,865
/SEGURIDAD/GENERAR-CLAVE-FECHA-NACIMIENTO,866
MOVE : RESUMEN ATENCION AL CLIENTE,867
RURAL : HACETEGALICIA,868
PRODUCTOSYSERVICIOS : FORMULARIO,869
HB : MOVE : OPERACIONES : PLAZO FIJO : ALERTAS : EL P,870
HB : MOVE : OPERACIONES : PLAZO FIJO : ERRORES : ERRO,871
EMPRESAS : RESUMEN ATENCION AL CLIENTE,872
BENEFICIOSYPROMOCIONES : ESPECIALVAMOSLOSJUEVES,873
/CUENTAS/ALTA-ALIAS-CBU-CONFIRMACION,874
PRODUCTOSYSERVICIOS : TARJETAGALICIAVISAINTERNACIONAL,875
PRODUCTOSYSERVICIOS : TOKEN VIRTUAL START AGRO,876
BENEFICIOSYPROMOCIONES : VUELTA AL COLE GALICIA EMINE,877
/PRESTAMOS/,878
PRODUCTOSYSERVICIOS : FONOBANCOSEGUROS,879
/TARJETAS/AGREGAR-CUENTA-ASOCIADA-PRECONFIRMACION,880
/TARJETAS/AGREGAR-CUENTA-ASOCIADA-EXITO,881
/TARJETAS/MODIFICAR-CUENTA-PRIMARIA/1,882
HC:MESSAGE:CLIENT CONFIRMED,883
/TRANSFERENCIAS/INFORMACION-CONTACTO/22,884
/TRANSFERENCIAS/INFORMACION-CONTACTO/31,885
/PERFIL/RETIRAR-SUCURSAL-CONFIRMACION,886
/CUENTAS/PEDIR-CHEQUERAS-CANTIDAD,887
/CUENTAS/PEDIR-CHEQUERAS-AUTORIZADOS,888
/CUENTAS/PEDIR-CHEQUERAS-PRECONFIRMACION,889
PRODUCTOSYSERVICIOS : SIMULADOR DE CHEQUES BANCO GALI,890
PRODUCTOSYSERVICIOS : COMPRADECHEQUES,891
INSTITUCIONAL : PROVEEDORESDELBANCOGALICIA,892
INSTITUCIONAL : BANCOGALICIAYSUSPROVEEDORES,893
PRODUCTOSYSERVICIOS : ALIAS CBU BANCO GALICIA,894
PRODUCTOSYSERVICIOS : GALICIARESPONDEONLINE,895
BENEFICIOSYPROMOCIONES : FALABELLA BANCO GALICIA,896
HB :  : LOGIN : RECUPERA TU USUARIO,897
PRODUCTOSYSERVICIOS : FINANCIACIONAMEDIANOYLARGOPLAZO,898
/CUENTAS/PEDIR-CHEQUERAS-CONFIRMACION,899
PRODUCTOSYSERVICIOS : EXPORTA SIMPLE RURAL,900
HB : MOVE : PEDIDO PRESTAMOS PERSONALES : PASO 2 : EL,901
HB : MOVE : PEDIDO PRESTAMOS PERSONALES : PASO 3 : CO,902
HB : MOVE : PEDIDO PRESTAMOS PERSONALES : PASO 4 : É,903
PRODUCTOSYSERVICIOS : SEGUROINTEGRALDECOMERCIO,904
/CUENTAS/NUEVA-CAJA-AHORRO-PRECONFIRMACION,905
INSTITUCIONAL : MEMORIAYBALANCE,906
INSTITUCIONAL : DISCIPLINADEMERCADO,907
BENEFICIOSYPROMOCIONES : ESPECIALCOLCHONES,908
BENEFICIOSYPROMOCIONES : HOTSALE,909
BENEFICIOSYPROMOCIONES : CYBER MONDAY BANCO GALICIA,910
CORPORATIVAS : RESULTADO DE BUSQUEDA,911
HB : MOVE : QUIERO : PASO 1 : SUSCRIPCION,912
PRODUCTOSYSERVICIOS : BANCO GALICIA SUELDOS,913
INSTITUCIONAL : DEFENSAALCONSUMIDOR,914
PRODUCTOSYSERVICIOS : TARJETADECOORDENADAS,915
BENEFICIOSYPROMOCIONES : INVIERNOINDUMENTARIA,916
BENEFICIOSYPROMOCIONES : INDUMENTARIA INVIERNO GALICI,917
/TRANSFERENCIAS/INFORMACION-CONTACTO/50,918
/CUENTAS/MIS_CUENTAS/,919
PRODUCTOSYSERVICIOS : ATENCION AL CLIENTE SW,920
PRODUCTOSYSERVICIOS : PRESTAMOSAUTOS,921
INSTITUCIONAL : IDENTIFICACIONPEP S,922
VUELTAALCOLE : LIBRERIAS,923
/PERFIL/ALTA-MAIL,924
PRODUCTOSYSERVICIOS : APPGALICIA,925
/PERFIL/ELIMINAR-CELULAR-CONFIRMACION,926
HB : MASIVO : UPGRADE DE PAQUETES : ERROR AL CREAR SO,927
/TRANSFERENCIAS/INICIO/9,928
PRODUCTOSYSERVICIOS : TODOPAGO,929
BENEFICIOSYPROMOCIONES : GRIMOLDI GALICIA EMINENT,930
/TRANSFERENCIAS/INFORMACION-CONTACTO/39,931
/TRANSFERENCIAS/INFORMACION-CONTACTO/29,932
/TRANSFERENCIAS/INFORMACION-CONTACTO/51,933
/TRANSFERENCIAS/INFORMACION-CONTACTO/33,934
HB : MOVE : OPERACIONES : FONDOS FIMA : ALERTAS : DEB,935
HB : MOVE : OPERACIONES : FONDOS FIMA : ALERTAS : EL,936
/TRANSFERENCIAS/INFORMACION-CONTACTO/52,937
/TRANSFERENCIAS/INFORMACION-CONTACTO/34,938
/TRANSFERENCIAS/INFORMACION-CONTACTO/42,939
BENEFICIOSYPROMOCIONES : BANCO GALICIA SPOTIFY,940
BENEFICIOSYPROMOCIONES : KONEX BANCO GALICIA MOVE,941
PRODUCTOSYSERVICIOS : TERMINALESDEAUTOSERVICIOS,942
/TRANSFERENCIAS/INFORMACION-CONTACTO/24,943
/INGRESODATOS,944
HB : MOVE : LOGIN : ERRORES : CLIENTE NO ADHERIDO A C,945
/TRANSFERENCIAS/NUEVA/4,946
/LOGINGOO,947
/PERFIL/REPROGRAMAR-MISMO-DOMICILIO-CONFIRMACION,948
/INVERSIONES/ANULAR_PROGRAMACION_FONDO_FIMA,949
/INVERSIONES/ANULAR-PROGRAMACION-FONDO-FIMA-CONFIRMAC,950
HB : MOVE : LOGIN : ERRORES : TIME OUT,951
INSTITUCIONAL : EMPRESASVINCULADAS,952
PRODUCTOSYSERVICIOS : BUENOSNEGOCIOS,953
BENEFICIOSYPROMOCIONES : ONE SHOT GALICIA EMINENT,954
/PERFIL/RECOMENDAR-EMPRESA,955
/PERFIL/RECOMENDAR-EMPRESA-DATOS-PERSONALES,956
PRODUCTOSYSERVICIOS : MOVE,957
HB : EMINENT : FONDOS FIMA : ERRORES : ERROR CONSULTA,958
HB : MOVE : OPERACIONES : FONDOS FIMA : INICIO,959
/TARJETAS/UPGRADE-TERMINOS-Y-CONDICIONES,960
/TRANSFERENCIAS/INFORMACION-CONTACTO/35,961
/TRANSFERENCIAS/INFORMACION-CONTACTO/40,962
/TARJETAS/MODIFICAR-CUENTA-PRIMARIA-SELECCION,963
/TARJETAS/MODIFICAR-CUENTA-PRIMARIA-PRECONFIRMACION,964
/TARJETAS/MODIFICAR-CUENTA-PRIMARIA-EXITO,965
PRODUCTOSYSERVICIOS : AGENDAIMPOSITIVA,966
PRODUCTOSYSERVICIOS : APP GALICIA MOVE,967
BENEFICIOSYPROMOCIONES : COMOCANJEARPUNTOS,968
PRODUCTOSYSERVICIOS : GALICIASUELDOSPERSONAS,969
PRODUCTOSYSERVICIOS : PERSONALDESERVICIODOMESTICO,970
/FILE/DOWNLOAT;,971
/TRANSFERENCIAS/INFORMACION-CONTACTO/23,972
HC : TC : PASO 1 : ERRORES : CONSULTAEVALUACIONINDIVI,973
BENEFICIOSYPROMOCIONES : VUELTAALCOLE,974
PRODUCTOSYSERVICIOS : SOLUCIONPAGOAPROVEEDORES,975
PRODUCTOSYSERVICIOS : LEASING,976
BENEFICIOSYPROMOCIONES : BUQUEBUS BANCO GALICIA EMINE,977
BENEFICIOSYPROMOCIONES : PREVENTA BUQUEBUS MA,978
/TRANSFERENCIAS/REALIZARDEBIN,979
/QUIERO/TERMINOSYCONDICIONES,980
BENEFICIOSYPROMOCIONES : CIRQUEDUSOLEIL,981
BENEFICIOSYPROMOCIONES : AVENIDA TRIPLICA GALICIA,982
HC:UNHANDLED ERROR,983
/TRANSFERENCIAS/AGREGAR_CONTACTO,984
/SEGURIDAD/TOKEN-VIRTUAL-VALIDACION,985
/KSOSPC_CUP_F8F731B4-629F-4B7C-923C-495D87BF7E09/1521,986
INVERSIONES : PLAZOFIJOGALICIA,987
PRODUCTOSYSERVICIOS : GALICIACONVENIOS,988
PRODUCTOSYSERVICIOS : ACUERDOSDEFINANCIACION,989
BUSCADOR ACUERDOS : ACUERDOS,990
HB : MOVE : CONSULTAS : SIDEBAR DERECHO : SMS,991
BENEFICIOSYPROMOCIONES : ESPECIAL NAVIDAD GALICIA,992
BENEFICIOSYPROMOCIONES : ESPECIAL NAVIDAD MARCAS,993
/TRANSFERENCIAS/INFORMACION-CONTACTO/25,994
/TRANSFERENCIAS/INFORMACION-CONTACTO/56,995
HB : MOVE : FONDOS FIMA : ERRORES : RESCATE - ERROR E,996
/TARJETAS/SOLICITAR-TITULAR-PREPACTO,997
/TARJETAS/SOLICITAR-TITULAR-CONFIRMACION,998
PRODUCTOSYSERVICIOS : UNACUOTAMENOS,999
/,1000
/ERROR,1001
/VALIDACIONIDENTIDAD,1002
/INGRESODATOSADICIONAL,1003
/CONFIRMACION,1004
/FIN,1005
/TARJETAS/INICIOPAGO,1006
HB : MOVE : CONSULTAS : ERRORES : INFORMACION MASTER,1007
BENEFICIOSYPROMOCIONES : SOLICITATARJETASADICIONALESP,1008
HB : MOVE : UPGRADE DE PAQUETE,1009
HB : MOVE : CONSULTAS : ERRORES : BONOS Y ACCIONES DE,1010
PRODUCTOSYSERVICIOS : QUEHACEELBANCOGALICIAPORSUSEGUR,1011
PRODUCTOSYSERVICIOS : CLAVEGALICIANOLATENES,1012
PRODUCTOSYSERVICIOS : DERIVADOS,1013
/TRANSFERENCIAS/INICIO/11,1014
/PERFIL/ENVIO-RESUMENES-TERMINOS-Y-CONDICIONES,1015
PRODUCTOSYSERVICIOS : EXPOAGRO,1016
PRODUCTOSYSERVICIOS : BENEFICIOSDELASTARJETASGALICIAD,1017
/CUENTAS/MIS_CUENTAS,1018
/CUENTASPROYECTO/TERMINOSYCONDICIONES,1019
BENEFICIOSYPROMOCIONES : SHOPPINGS ESPECIAL VLJ,1020
BENEFICIOSYPROMOCIONES : PREVENTA BUQUEBUS EMI,1021
HB : MOVE : CONSULTAS : ERRORES : SALDO CA$ NO DISPON,1022
HB : MOVE : CONSULTAS : ERRORES : SALDO CAU$S NO DISP,1023
PRODUCTOSYSERVICIOS : WINERY,1024
/PRESTAMOS/SOLICITAR-TERMINOS-Y-CONDICIONES-UVA,1025
HB : MOVE : LOGIN : ERRORES : CLIENTE NO INGRESA USUA,1026
HB : MOVE : LOGIN : OBTENE TU USUARIO,1027
/TARJETAS/MODIFICAR-CUENTA-PRIMARIA/3,1028
PRODUCTOSYSERVICIOS : GASTOSDEDUCIBLESPERSONASFISICAS,1029
PRODUCTOSYSERVICIOS : TARJETAGALICIAMASTERCARDINTERNA,1030
/SEGURIDAD/PRIMER-INGRESO-SELECCIONAR-CUENTA-PRINCIPA,1031
HB : MOVE : LOGIN : ERRORES : NO ES UN CLIENTE BANCO,1032
BENEFICIOSYPROMOCIONES : EXTRACASHCARREFOUR,1033
PRODUCTOSYSERVICIOS : SEGURO ZURICH GALICIA EMINENT,1034
/TARJETAS/RESUMEN-NOTIFICACION/0,1035
FICHAS : ACUERDOS,1036
PERSONAS : CALIFICACION ATENCION AL CLIENTE,1037
HB : MOVE : UPGRADE DE PAQUETE : INGRESAR DOMICILIO,1038
HB : MOVE : UPGRADE DE PAQUETE : CONFIRMACION,1039
HB : MOVE : UPGRADE DE PAQUETES : ERROR AL CREAR SOLI,1040
/LOGINW,1041
HB : MOVE : OPERACIONES : FONDOS FIMA : APERTURA DE C,1042
HB : MOVE : OPERACIONES : FONDOS FIMA : INICIO : RECU,1043
PRODUCTOSYSERVICIOS : BIENVENIDA GALICIA EMINENT,1044
/TARJETAS/REPONER_TC,1045
BENEFICIOSYPROMOCIONES : FALABELLA GALICIA EMINENT,1046
/TRANSFERENCIAS/TERCEROS_MONTO,1047
/PERFIL/RECOMENDAR-EMPRESA-PRECONFIRMACION,1048
/PERFIL/RECOMENDAR-EMPRESA-CONFIRMACION,1049
/PERFIL/TERMINOSYCONDICIONES,1050
BENEFICIOSNEGOCIOSYPYMES : DEBITO,1051
HB : MOVE : FONDOS FIMA : ERRORES : ERROR AL OBTENER,1052
HB : MOVE  : CONSULTAS : ERRORES : ACCESO A CUENTAS P,1053
HB : MOVE : CONSULTAS : ERRORES : SALDO CC$ NO DISPON,1054
BENEFICIOSYPROMOCIONES : ECOMMERCE,1055
PRODUCTOSYSERVICIOS : NOTIFICACION PROXIMOS DEBITOS,1056
/TRANSFERENCIAS/INICIO/6,1057
INSTITUCIONAL : PROTECCIONDATOSPERSONALES,1058
HC : TC : PASO 3 : RIESGONET,1059
HC : TC : PASO 4.1 : COORDINA TU ENTREGA,1060
HC : TC : PASO 5 : CONFIRMACI&#243;N DE DATOS,1061
HC : TC : PASO 6 : EXITO,1062
NAVIDADCONQUIERO : SUPERMERCADOS,1063
BENEFICIOSYPROMOCIONES : VAMOSALSHOPPING,1064
/CUENTAS/INICIO/PRESTAMOS,1065
/CUENTAS/MIS-CUENTAS/PR%C3%A9STAMOS,1066
BENEFICIOSYPROMOCIONES : REFERIDOS,1067
/TRANSFERENCIAS/INFORMACION-CONTACTO/27,1068
HB : MOVE : FONDOS FIMA : ERRORES : ERROR NO MANEJADO,1069
PRODUCTOSYSERVICIOS : CUENTACORRIENTE,1070
/CONSULTAS/,1071
/INVERSIONES/SUSCRIBIR_FONDO_FIMA_MONTO,1072
PRODUCTOSYSERVICIOS : TARJETAGALICIAVISAPURCHASINGDEB,1073
HC : TC : PASO 1 : ERRORES : ERROR INESPERADO,1074
PRODUCTOSYSERVICIOS : ATENCION AL CLIENTE EMINENT SW,1075
HB : MOVE : OPERACIONES : PLAZO FIJO : ERRORES : PF T,1076
BENEFICIOSYPROMOCIONES : NETFLIX BANCO GALICIA,1077
MOVE : RESULTADO DE BUSQUEDA MOVE,1078
/TARJETAS/MODIFICAR-CUENTA-PRIMARIA/2,1079
PRODUCTOSYSERVICIOS : USUARIO OFFICE BANKING,1080
/INVERSIONES/SUSCRIBIR_FONDO_FIMA,1081
PRODUCTOSYSERVICIOS : NOVEDADESOFFICEBANKING,1082
/TARJETAS/CONSUMOS-ADICIONAL/2,1083
PRODUCTOSYSERVICIOS : DIVAS,1084
HB : MOVE : LOGIN : PRIMER INGRESO,1085
/TRANSFERENCIAS/INFORMACION-CONTACTO/18,1086
INSTITUCIONAL : GESTIONDELRIESGOOPERACIONAL,1087
/TRANSFERENCIAS/INICIO/7,1088
PRODUCTOSYSERVICIOS : GLOSARIO,1089
/INICIO+,1090
/PERFIL/ALTA-MAIL-PRECONFIRMACION,1091
/PERFIL/ALTA-MAIL-CONFIRMACION,1092
/TRANSFERENCIAS/INICIO/3,1093
/CUENTASPROYECTO/EDITAR-RESERVA-PROGRAMADA-CUENTA-PRO,1094
PRODUCTOSYSERVICIOS : VERIFIEDBYVISA,1095
/TRANSFERENCIAS/INICIO/19,1096
PRODUCTOSYSERVICIOS : TARJETAS GALICIA MASTERCARD,1097
PRODUCTOSYSERVICIOS : TARJETAGALICIAMASTERCARDGOLD,1098
PRODUCTOSYSERVICIOS : DATANET,1099
PRODUCTOSYSERVICIOS : DEBITOAUTOMATICOMASTERCARD,1100
/L%20IOGIN,1101
PRODUCTOSYSERVICIOS : SERVICIODEMENSAJES,1102
PRODUCTOSYSERVICIOS : TARJETAGALICIAVISACUENTACENTRAL,1103
BENEFICIOSYPROMOCIONES : MASTERCARDRESTAURANTES,1104
PRODUCTOSYSERVICIOS : BONAR2020,1105
PRODUCTOSYSERVICIOS : ALIAS CBU GALICIA OFFICE BANKIN,1106
/CUENTAS/NUEVA-CAJA-AHORRO-EXITO,1107
INSTITUCIONAL : CALIFICACION ATENCION AL CLIENTE,1108
BENEFICIOSYPROMOCIONES : ESPECIALSHOPPINGS,1109
HC : TC : PASO 5 : ERRORES : ADMINISTRACIONCLIENTECA-,1110
HC : TC : PASO 3 : ERRORES : VALIDACIONIDENTIDAD-CONS,1111
PRODUCTOSYSERVICIOS : SEGURODEASISTENCIAENVIAJES,1112
HB : MOVE : OPERACIONES : PLAZO FIJO : ALERTAS : FORM,1113
PRODUCTOSYSERVICIOS : CUENTAS,1114
PRODUCTOSYSERVICIOS : CONVENIOS GALICIA RURAL,1115
PRODUCTOSYSERVICIOS : FIMA EN OFFICE BANKING,1116
/CUENTAS/,1117
/INICIO%20CBU,1118
/SEGURIDAD/PRIMER-INGRESO-TYC,1119
/TRANSFERENCIAS/INFORMACION-CONTACTO/73,1120
/ERROR/SESIONEXPIRADAL,1121
BENEFICIOSYPROMOCIONES : VERANO GALICIA 2018,1122
/VALIDACIONIDENTIDAD/INICIO/,1123
/TARJETAS,1124
/TRANSFERENCIAS/INFORMACION-CONTACTO/48,1125
/TRANSFERENCIAS/INICIO/13,1126
PRODUCTOSYSERVICIOS : ALIAS CBU GALICIA EMINENT,1127
/TRANSFERENCIAS/TERMINOSYCONDICIONESTAM,1128
NAVIDADCONQUIERO : INDUMENTARIA40,1129
/TRANSFERENCIAS/INICIO/18,1130
INSTITUCIONAL : RESPONSABILIDADSOCIALCORPORATIVA,1131
PRODUCTOSYSERVICIOS : TARJETAGALICIARURAL,1132
PRODUCTOSYSERVICIOS : CUPONES NARANJA NEVADA,1133
/PERFIL/ALTA-MAIL-SEGURIDAD,1134
/PERFIL/ALTA-MAIL-SEGURIDAD-PRECONFIRMACION,1135
/PERFIL/ALTA-MAIL-SEGURIDAD-CONFIRMACION,1136
PRODUCTOSYSERVICIOS : OFERTA PUBLICA TELECOM PETROBRA,1137
PRODUCTOSYSERVICIOS : WEBSERVICES,1138
/PERFIL/ELIMINAR-CELULAR,1139
/PERFIL/ELIMINAR-CELULAR-PRECONFIRMACION,1140
/PERFIL/ELIMINAR-CELULAR-CONFIRMACION-ALERTA,1141
PRODUCTOSYSERVICIOS : SEGURO ALLIANZ GALICIA EMINENT,1142
BENEFICIOSYPROMOCIONES : SEMANADELAPINTURA,1143
BENEFICIOSYPROMOCIONES : BANCO GALICIA EMINENT SPOTIF,1144
BENEFICIOSYPROMOCIONES : ESPECIALCONSTRUCCION,1145
/TRANSFERENCIAS/INFORMACION-CONTACTO/138,1146
/TRANSFERENCIAS/INFORMACION-CONTACTO/125,1147
/TRANSFERENCIAS/INFORMACION-CONTACTO/102,1148
/TRANSFERENCIAS/INFORMACION-CONTACTO/103,1149
/TRANSFERENCIAS/INFORMACION-CONTACTO/171,1150
/TRANSFERENCIAS/INFORMACION-CONTACTO/38,1151
/TRANSFERENCIAS/INFORMACION-CONTACTO/166,1152
/TRANSFERENCIAS/INFORMACION-CONTACTO/45,1153
/TRANSFERENCIAS/INFORMACION-CONTACTO/178,1154
/TRANSFERENCIAS/INICIO/21,1155
/TRANSFERENCIAS/INFORMACION-CONTACTO/91,1156
/TRANSFERENCIAS/INFORMACION-CONTACTO/59,1157
/TRANSFERENCIAS/INFORMACION-CONTACTO/153,1158
PRODUCTOSYSERVICIOS : NUEVA CLAVE ALFABETICA GALICIA,1159
/TARJETAS/AGREGAR-CUENTA-ASOCIADA/2,1160
/TRANSFERENCIAS/INICIO/5,1161
PRODUCTOSYSERVICIOS : COMUNIDADESONLINE,1162
/TRANSFERENCIAS/INICIO/8,1163
/USERS/LOGI,1164
PRODUCTOSYSERVICIOS : FORMULARIOSDEDESCARGA,1165
/ERRXPIRADA,1166
TARJETAGALICIARURAL : BUSCADOR COMERCIOS,1167
BENEFICIOSYPROMOCIONES : GALICIA EMINENT INVIERNO PAQ,1168
HC : TC : PASO 4.1 : ERRORES : VALIDACIONIDENTIDAD-OB,1169
PRODUCTOSYSERVICIOS : DESCARGA APP GALICIA,1170
/TRANSFERENCIAS/INFORMACION-CONTACTO/37,1171
PRODUCTOSYSERVICIOS : DATOSUTILES,1172
BENEFICIOSYPROMOCIONES : FALABELLA GALICIA MOVE,1173
/LOGINMACRONLINE.COM.AR,1174
/ERROR/WSUPPORT,1175
VUELTAALCOLE : MARCAS,1176
/TRANSFERENCIAS/INICIO/20,1177
QUENECESITASABER : PHISHING,1178
/ERROR/SESIONEXPIRADAINFO,1179
/TRANSFERENCIAS/INFORMACION-CONTACTO/76,1180
/TRANSFERENCIAS/INFORMACION-CONTACTO/69,1181
/TRANSFERENCIAS/INFORMACION-CONTACTO/61,1182
/TRANSFERENCIAS/INFORMACION-CONTACTO/65,1183
/TRANSFERENCIAS/INFORMACION-CONTACTO/90,1184
/TRANSFERENCIAS/INFORMACION-CONTACTO/72,1185
PRODUCTOSYSERVICIOS : LINEAPRODUCTIVAGALICIA,1186
BENEFICIOSYPROMOCIONES : ACA,1187
/%20%20%20%20%20%20%20ERROR/SESIONEXPIRADA,1188
BENEFICIOSYPROMOCIONES : BENEFICIOSMOVE,1189
/TRANSFERENCIAS/INFORMACION-CONTACTO/71,1190
PRODUCTOSYSERVICIOS : COORDENADAS,1191
/TRANSFERENCIAS/INICIO/27,1192
BENEFICIOSYPROMOCIONES : QUIERO COMERCIOS,1193
RURAL : RESUMEN ATENCION AL CLIENTE,1194
PRODUCTOSYSERVICIOS : BANCO GALICIA ACTIVACION VISA I,1195
BENEFICIOSYPROMOCIONES : VUELTA AL COLE BANCO GALICIA,1196
PRODUCTOSYSERVICIOS : PRESTAMOSPARAPYMES,1197
PRODUCTOSYSERVICIOS : SEGURO BICI BANCO GALICIA,1198
PRODUCTOSYSERVICIOS : FORMULARIO HIPOTECARIO BANCO GA,1199
/ERROR/SESIONEXPIRADAFONOBANCK,1200
/INICIOCBU,1201
/INICIOCBU%20%20CBU,1202
/CUENTAS/INICIOCBU,1203
PRODUCTOSYSERVICIOS : PEDI TUS PRODUCTOS GALICIA,1204
PRODUCTOSYSERVICIOS : PRESTAMOS PERSONALES ONLINE GAL,1205
INSTITUCIONAL : NUESTROPROCESODEABASTECIMIENTO,1206
/INGRESODATOS/INICIO/TARJETAS-EMI-PLATINUM,1207
PRODUCTOSYSERVICIOS : PRESTAMO ESLABON GALICIA NYP,1208
PRODUCTOSYSERVICIOS : PROVEEDORES ESLABON,1209
INSTITUCIONAL : FATCA,1210
PRODUCTOSYSERVICIOS : PRESTAMOFINANCIEROPARACAPITALDE,1211
BENEFICIOSYPROMOCIONES : FORM VIAJE RUSIA EMINENT,1212
/LOGINBBV,1213
/LOGINHTTPS://LAUNCHPAGE.ORG/,1214
/TRANSFERENCIAS/INICIO/12,1215
BENEFICIOSYPROMOCIONES : FRAVEGA TRIPLICA GALICIA,1216
BENEFICIOSYPROMOCIONES : ESPECIALMARCAS,1217
BENEFICIOSYPROMOCIONES : ESPECIAL INDUMENTARIA GALICI,1218
PRODUCTOSYSERVICIOS : FACTORING,1219
HB : MASIVO : OPERACIONES : FONDOS FIMA : INICIO : RE,1220
/USERS/BANCOGALICIALOGIN%7D,1221
EMPRESAS : RESULTADOS ATENCION AL CLIENTE,1222
PRODUCTOSYSERVICIOS : COMPRAPROTEGIDA,1223
/TARJETAS/CONSUMOS-ADICIONAL/5,1224
/EGOORROR/SESIONEXPIRADA,1225
BENEFICIOSYPROMOCIONES : INVIERNO GALICIA,1226
/LANDING,1227
/SEGUROS/NUEVO_INICIO,1228
/INVERSIONES/ALERTA,1229
/INVERSIONES/PERFIL-INVERSOR,1230
BENEFICIOSYPROMOCIONES : BODEGADELMES,1231
PRODUCTOSYSERVICIOS : PRESTAMO INMEDIATO,1232
PRODUCTOSYSERVICIOS : CANALES DIGITALES,1233
/VENTAS-CON-TARJETA/INICIO,1234
/PRODUCTOS/BAJA-PRODUCTO,1235
/INVERSIONES/SALDOSPENDIENTES,1236
/INVERSIONES/RESCATAR_FONDO_FIMA_EXITO,1237
BENEFICIOSYPROMOCIONES : PALACIO DUHAU GALICIA EMINEN,1238
/TARJETAS/CONSUMOS-TARJETA-DEBITO/5,1239
/INVERSIONES/ENCUESTA-ALERTA,1240
/INVERSIONES/ENCUESTA,1241
/INVERSIONES/ENCUESTA-PRECONFIRMACION,1242
/INVERSIONES/ENCUESTA-EXITO,1243
RRHH : EMPLEOS,1244
BENEFICIOSYPROMOCIONES : TELECENTRO GALICIA,1245
PRODUCTOSYSERVICIOS : PUBLICACION PADEC,1246
/PRESTAMOS/SOLICITAR-HIPOTECARIO-SELECCIONAR-SUBTIPO,1247
/PRESTAMOS/SOLICITAR-HIPOTECARIO-SELECCIONAR-DESTINO,1248
/PRESTAMOS/SOLICITAR-HIPOTECARIO-AGREGAR-SOLICITANTE,1249
/PRESTAMOS/SOLICITAR-HIPOTECARIO-AGREGAR-INGRESOS,1250
/PRESTAMOS/SOLICITAR-HIPOTECARIO-OFERTA,1251
BENEFICIOSYPROMOCIONES : PROMOS SEGURO QUIERO,1252
/TRANSFERENCIAS/INFORMACION-CONTACTO/149,1253
/LANDING/INICIO,1254
/PRODUCTOS/BAJA-PRODUCTO-PRECONFIRMACION,1255
/PRODUCTOS/BAJA-PRODUCTO-CONFIRMACION,1256
PRODUCTOSYSERVICIOS : BANCOENPLANTA,1257
BENEFICIOSYPROMOCIONES : INVIERNO GALICIA EMINENT,1258
/PRESTAMOS/SOLICITAR_SELECCIONAR_SUBTIPO_PRESTAMO_PER,1259
BENEFICIOSYPROMOCIONES : INVIERNO GALICIA PREFER,1260
/TARJETAS/SELECCIONARTARJETAREPOSICION-DELIVERY,1261
BENEFICIOSYPROMOCIONES : DIADELPADRE,1262
/MENSAJE/INICIOAJAX,1263
/TRANSFERENCIAS/INFORMACION-CONTACTO/44,1264
/PRESTAMOS/SOLICITAR-HIPOTECARIO-INGRESO-MAIL,1265
/PRESTAMOS/SOLICITAR-HIPOTECARIO-PRECONFIRMACION,1266
HB : MASIVO : FONDOS FIMA : ERRORES : SUSCRIPCION - E,1267
PRODUCTOSYSERVICIOS : MIGRACION SUCURSAL 99,1268
/PRODUCTOS/TYC-BAJAPRODUCTO,1269
/TARJETAS/AGREGAR-CUENTA-ASOCIADA/4,1270
/TARJETAS/AGREGAR-CUENTA-ASOCIADA/3,1271
PRODUCTOSYSERVICIOS : MENSAJE REINTEGRO PROMOS,1272
/TARJETAS/REPONER-TC-DELIVERY,1273
HB : MOVE : SEGURIDAD,1274
/PAGOS/INICIOPAGO,1275
/CUENTAS/MIS-CUENTGALICIA,1276
/ERROR/SESIONEXPIRADATOKENGALICIA,1277
/TARJETAS/INGRESAR-DOMICILIO-DELIVERY,1278
/TARJETAS/PRECONFIRMARREPOSICION-DELIVERY,1279
/TARJETAS/CONFIRMACIONREPOSICION-DELIVERY,1280
PRODUCTOSYSERVICIOS : LINEA PRODUCTIVA BANCO GALICIA,1281
PRODUCTOSYSERVICIOS : GALICIA VIAJES PYME,1282
PRODUCTOSYSERVICIOS : CUENTAPROPIA,1283
PRODUCTOSYSERVICIOS : CONSEJOSDESEGURIDAD,1284
/TARJETAS/INGRESAR-SUCURSAL-DELIVERY,1285
PRODUCTOSYSERVICIOS : USUARIOALFANUMERICO,1286
/TRANSFERENCIAS/INICIO/10,1287
BENEFICIOSYPROMOCIONES : HACETEMOVE,1288
PRODUCTOSYSERVICIOS : INTERPYME,1289
/PAGOS/DEBITOSAUTOMATICOS/,1290
/PAGOS/DEBITOSAUTOMATICO,1291
/PAGOS/DEBITOSAUTOMATICO/DESADERIRSEAPAGOSAUTOMATICOS,1292
PRODUCTOSYSERVICIOS : PAGOS ONLINE,1293
BENEFICIOSYPROMOCIONES : GOLF,1294
/TRUE,1295
/TARJETAS/REPONER-TC-ROBO-DELIVERY,1296
/PRESTAMOS/SOLICITAR-HIPOTECARIO-EXITO,1297
/TARJETAS/RESUMEN/A%20PAGAR:%20$21.109 56,1298
/MONTO,1299
PRODUCTOSYSERVICIOS : NUEVA LINEA PYMES,1300
/TRANSFERENCIAS/INFORMACION-CONTACTO/53,1301
/TRANSFERENCIAS/INFORMACION-CONTACTO/54,1302
/TRANSFERENCIAS/INFORMACION-CONTACTO/41,1303
NEGOCIOSYPYMES : RESULTADOS ATENCION AL CLIENTE,1304
HB : MOVE : LOGIN : ERRORES : CLAVE GALICIA BLOQUEADA,1305
BENEFICIOSYPROMOCIONES : MSJE BUSCADOR E,1306
/TRANSFERENCIAS/INFORMACION-CONTACTO/47,1307
PRODUCTOSYSERVICIOS : MENSAJE VTO PUNTOS QUIERO,1308
BENEFICIOSYPROMOCIONES : ALACARTA,1309
BENEFICIOSYPROMOCIONES : ESPECIAL AUTOS GALICIA EMINE,1310
PRODUCTOSYSERVICIOS : REMATESDEHACIENDA,1311
/CUENTAS/VER-CHEQUES,1312
/PAGOS/REALIZARPAGO,1313
HB : MOVE : LOGIN : RECUPERA TU CLAVE,1314
/TRANSFERENCIAS/INFORMACION-CONTACTO/77,1315
/TRANSFERENCIAS/INFORMACION-CONTACTO/82,1316
/TRANSFERENCIAS/INFORMACION-CONTACTO/80,1317
/TRANSFERENCIAS/INFORMACION-CONTACTO/83,1318
/TRANSFERENCIAS/INFORMACION-CONTACTO/120,1319
/TRANSFERENCIAS/INFORMACION-CONTACTO/87,1320
/TRANSFERENCIAS/INFORMACION-CONTACTO/70,1321
/TRANSFERENCIAS/INFORMACION-CONTACTO/106,1322
/TRANSFERENCIAS/INFORMACION-CONTACTO/110,1323
/TRANSFERENCIAS/INFORMACION-CONTACTO/95,1324
/TRANSFERENCIAS/INFORMACION-CONTACTO/101,1325
/TRANSFERENCIAS/INFORMACION-CONTACTO/100,1326
/TRANSFERENCIAS/,1327
/TARJETAS/RESUMEN/A%20PAGAR:%20$10.496 96%20/%20%3CBR,1328
/TRANSFERENCIAS/INFORMACION-CONTACTO/64,1329
PRODUCTOSYSERVICIOS : PROPUESTA QUIEROVIAJES,1330
BENEFICIOSYPROMOCIONES : GALICIA EMINENT INVIERNO 201,1331
PRODUCTOSYSERVICIOS : INVERTIR LARGO PLAZO RURAL,1332
/SEGURIDAD/GENERAR-USUARIO).,1333
HB : MOVE : QUIERO : CANCELAR SUSCRIPCION,1334
/TRANSFERENCIAS/INFORMACION-CONTACTO/84,1335
/TRANSFERENCIAS/INFORMACION-CONTACTO/66,1336
/VENTAS-CON-TARJETA/MIS-TARJETAS,1337
/TARJETAS/DEBITO-AUTOMATICO-DETENER,1338
/TARJETAS/DEBITO-AUTOMATICO-DETENER-PRECONFIRMACION,1339
/TARJETAS/DEBITO-AUTOMATICO-DETENER-CONFIRMACION,1340
HB : MASIVO : FONDOS FIMA : ERRORES : GRAFICO COMPARA,1341
/TRANSFERENCIAS/INICIO/42,1342
PRODUCTOSYSERVICIOS : PROTECCION TECNO PORTATIL EMINE,1343
/PRESTAMOS/SOLICITAR-HIPOTECARIO-TERMINOS-Y-CONDICION,1344
/INICIO[WINDOW%20TITLE]%20JAVA%20UPDATE%20NECESARIO%2,1345
/PRODUCTOS,1346
/TRANSFERENCIAS/DONAR-MONTO,1347
HB : MOVE : QUIERO : PASO 2 : INSCRIBIRSE AL PROGRAMA,1348
/MONTO/MOSTRAROFERTAS,1349
/DOMICILIO/INICIO,1350
/SUCURSAL/INICIO,1351
PRODUCTOSYSERVICIOS : PREGUNTASFRECUENTESINMOBILIARIO,1352
/INICIOGDFFGJ,1353
HB : MOVE : UPGRADE DE PAQUETES : ERROR 500 : ERROR E,1354
PRODUCTOSYSERVICIOS : BANCO GALICIA ACTIVACION MASTER,1355
/ERORIN,1356
/TARJETAS/RESUMEN/A%20PAGAR:%20$0 00,1357
/LOGIN%C3%A7,1358
/Y/NUEVA,1359
EMINENT : SACATUTARJETA,1360
/LOGINCIUD,1361
/LOGIN0311,1362
PRODUCTOSYSERVICIOS : BANELCOMAP,1363
PRODUCTOSYSERVICIOS : GALICIADEBITOPYME24,1364
/INICIO%7D,1365
/TRANSFERENCIAS/INFORMACION-CONTACTO/74,1366
BENEFICIOSYPROMOCIONES : HOTSALE1,1367
/SELECCIONOFERTA/LEAD,1368
PRODUCTOSYSERVICIOS : QUEPUEDEHACERPARAPROTEGERSE,1369
/TARJETAS/RESUMEN/A%20PAGAR:%20$7.204 33,1370
/TARJETAS/RESUMEN/A%20PAGAR:%20$40.500 30,1371
BENEFICIOSYPROMOCIONES : RESTAURANTESDIADELPADRE,1372
PRODUCTOSYSERVICIOS : TARJETA GALICIA VISA SIGNATURE,1373
/TARJETAS/RESUMEN/A%20PAGAR:%20$12.231 42,1374
BENEFICIOSYPROMOCIONES : FRAVEGA TRIPLICA GALICIA EMI,1375
PRODUCTOSYSERVICIOS : CUENTASCOPORATIVAS,1376
/TARJETAS/RESUMEN/A%20PAGAR:%20$16.533 49%20/%20%3CBR,1377
INSTITUCIONAL : RESULTADOS ATENCION AL CLIENTE,1378
PRODUCTOSYSERVICIOS : OFICIALDEEMPRESAS,1379
PRODUCTOSYSERVICIOS : APP GALICIA OFFICE,1380
PRODUCTOSYSERVICIOS : FORM CHARLA INFORMATIVA,1381
/LOGINBOO,1382
/TARJETAS/RESUMEN/A%20PAGAR:%20$6.285 84%20/%20%3CBR%,1383
/ERROR/SHOMESIONEXPIRADA,1384
/PRODUCTOS%20Y%20SERVICIOS,1385
/TRANSFERENCIAS/INFORMACION-CONTACTO/183,1386
/TRANSFERENCIAS/INFORMACION-CONTACTO/150,1387
/TRANSFERENCIAS/INFORMACION-CONTACTO/121,1388
/TRANSFERENCIAS/INFORMACION-CONTACTO/172,1389
/TRANSFERENCIAS/INFORMACION-CONTACTO/57,1390
/TRANSFERENCIAS/INFORMACION-CONTACTO/79,1391
/TRANSFERENCIAS/INFORMACION-CONTACTO/194,1392
/TRANSFERENCIAS/INFORMACION-CONTACTO/151,1393
/TRANSFERENCIAS/INFORMACION-CONTACTO/55,1394
/TRANSFERENCIAS/INFORMACION-CONTACTO/167,1395
/TRANSFERENCIAS/INFORMACION-CONTACTO/130,1396
/TRANSFERENCIAS/INFORMACION-CONTACTO/176,1397
/TRANSFERENCIAS/INFORMACION-CONTACTO/161,1398
/TRANSFERENCIAS/INFORMACION-CONTACTO/184,1399
/TRANSFERENCIAS/INFORMACION-CONTACTO/115,1400
/TRANSFERENCIAS/INFORMACION-CONTACTO/160,1401
/TRANSFERENCIAS/INFORMACION-CONTACTO/126,1402
/TRANSFERENCIAS/INFORMACION-CONTACTO/179,1403
/TRANSFERENCIAS/INFORMACION-CONTACTO/173,1404
PRODUCTOSYSERVICIOS : SEGUROPARAELPERSONAL,1405
PRODUCTOSYSERVICIOS : YPFGAS,1406
/TRANSFERENCIAS/INFORMACION-CONTACTO/89,1407
/TRANSFERENCIAS/INFORMACION-CONTACTO/154,1408
EMPRESAS : CALIFICACION ATENCION AL CLIENTE,1409
PRODUCTOSYSERVICIOS : AGROACTIVA,1410
/TRANSFERENCIAS/INFORMACION-CONTACTO/46,1411
/MONEDA-EXTRANJERA,1412
/TRANSFERENCIAS/INICIO/46,1413
HB : MASIVO : AYUDA : SOPORTE TECNICO,1414
BENEFICIOSYPROMOCIONES : VUELTAALCOLECONQUIERO,1415
/TRANSFERENCIAS/INICIO/15,1416
HC:STEP02:IDENTITY VALIDATION,1417
HC:MESSAGE:OFERTANODISPONIBLE,1418
PRODUCTOSYSERVICIOS : WARRANTS,1419
/TRANSFERENCIAS/INFORMACION-CONTACTO/67,1420
/TRANSFERENCIAS/INICIO/33,1421
/ERROR/SESIONEXPIRADA%7D,1422
/TARJETAS/RESUMEN/A%20PAGAR:%20$16.379 47,1423
/TARJETAS/RESUMEN/A%20PAGAR:%20$7.562 29,1424
/TRANSFERENCIAS/INICIO/35,1425
/TARJETAS/RESUMEN/A%20PAGAR:%20$11.550 21,1426
/TARJETAS/RESUMEN/A%20PAGAR:%20$45.053 11,1427
PRODUCTOSYSERVICIOS : GLOSARIOINMOBILIARIO,1428
/TRANSFERENCIAS/INFORMACION-CONTACTO/58,1429
CORPORATIVAS : RESUMEN ATENCION AL CLIENTE,1430
/INVERSIONES/RESCATAR_FONDO_FIMA_PRECONFIRMACION,1431
/TARJETAS/RESUMEN/A%20PAGAR:%20$21.375 42,1432
/TRANSFERENCIAS/INFORMACION-CONTACTO/114,1433
/TRANSFERENCIAS/INFORMACION-CONTACTO/92,1434
/TRANSFERENCIAS/INFORMACION-CONTACTO/111,1435
/TRANSFERENCIAS/INFORMACION-CONTACTO/88,1436
/TRANSFERENCIAS/INFORMACION-CONTACTO/85,1437
/TRANSFERENCIAS/INFORMACION-CONTACTO/108,1438
/TRANSFERENCIAS/INFORMACION-CONTACTO/107,1439
/TRANSFERENCIAS/INFORMACION-CONTACTO/75,1440
/TRANSFERENCIAS/INFORMACION-CONTACTO/78,1441
/TRANSFERENCIAS/INFORMACION-CONTACTO/60,1442
/TRANSFERENCIAS/INFORMACION-CONTACTO/62,1443
/TRANSFERENCIAS/INFORMACION-CONTACTO/63,1444
/TRANSFERENCIAS/INFORMACION-CONTACTO/68,1445
PRODUCTOSYSERVICIOS : OPERACIONESPORCANAL,1446
HB : MOVE : LOGIN : ERRORES : REQUIERE CAMBIO DE PIN,1447
PRODUCTOSYSERVICIOS : TOKEN,1448
INSTITUCIONAL : SUCURSALESYCAJEROS,1449
PRODUCTOSYSERVICIOS : TARJETA GALICIA MASTERCARD BLAC,1450
/TARJETAS/RESUMEN/A%20PAGAR:%20$9.930 86%20/%20%3CBR%,1451
PRODUCTOSYSERVICIOS : PLANESDECOMUNICACION,1452
PRODUCTOSYSERVICIOS : PROTECCIONFAMILIAR,1453
PRODUCTOSYSERVICIOS : SEGURO BICI GALICIA MOVE,1454
/TARJETAS/RESUMEN/A%20PAGAR:%20$3.704 93,1455
/LOGINHIIOPOTECAR,1456
/LOGINMER,1457
/TRANSFERENCIAS/INICIOB,1458
/TARJETASAS/PAGAR,1459
/TARJETAS/RESUMEN/A%20PAGAR:%20$7.138 63,1460
/TARJETAS/CONSUMOS,1461
/TRANSFERENCIAS/INGRESAR-MONTO-MOTIVO,1462
/TRANSFERENCIAS/TRANSFERENCIA-PRECONFIRMACION,1463
/DOLARES/INICIO,1464
/TRANSFERENCIAS/IDENTIFICACION-DESTINATARIO,1465
BENEFICIOSYPROMOCIONES : BENEFICIO QUIERO AVIOS E,1466
/ASISTENTEVIRTUAL/INICIO,1467
BENEFICIOSYPROMOCIONES : VERANO GALICIA,1468
/NAVIGATION/SHOWEXTERNAL/6,1469
/NAVIGATION/SHOWEXTERNAL/3,1470
/PAGOS/VERDEBITOSAUTOMATICOS,1471
/CUENTAS/MODIFICAR-CUENTA-PRINCIPAL,1472
/CUENTAS/MODIFICAR-CUENTA-PRINCIPAL-CONFIRMACION,1473
/NAVIGATION/SHOWEXTERNAL/5,1474
/NAVIGATION/SHOWEXTERNAL/1,1475
/NAVIGATION/SHOWEXTERNAL/7,1476
/SEGUROS/NUEVO-INICIO,1477
/SEGUROS/DESCRIPCION-SEGURO,1478
/SEGURIDAD/ACTIVAR_TOKEN_VIRTUAL,1479
/TARJETAS/PAGARNUEVO,1480
/TARJETAS/MONTOPAGARNUEVO,1481
/TARJETAS/PRECONFIRMACIONPAGONUEVO,1482
/TARJETAS/CONFIRMACIONPAGONUEVO,1483
/NAVIGATION/SHOWEXTERNAL/10,1484
/PRESTAMOS/DESCRIPCION-PRESTAMO,1485
BENEFICIOSYPROMOCIONES : VERANO GALICIA EMINENT,1486
/NAVIGATION/SHOWEXTERNAL,1487
/NAVIGATION/SHOWEXTERNAL/2,1488
/SOLICITA-TARJETA-CREDITO-ONLINE,1489
/CUENTAS/TODO-PAGONUEVO,1490
BENEFICIOSYPROMOCIONES : RESTAURANTES PREFER,1491
WEB : PREFER,1492
/PRESTAMOS/EDITAR-CUENTA-DEBITO,1493
/SEGURIDAD/SELECCIONAR_METODO_SEGURIDAD,1494
/NAVIGATION/SHOWEXTERNAL/9,1495
/NAVIGATION/SHOWEXTERNAL/4,1496
/NAVIGATION/SHOWEXTERNAL/11,1497
/RETENCIONCLIENTE/OFERTAS,1498
/NAVIGATION/SHOWEXTERNAL/76,1499
/TARJETAS/SOLICITAR-BLANQUEO-PIN,1500
/TARJETAS/SOLICITAR-BLANQUEO-PIN-EXITO,1501
/TARJETAS/REPONER-TARJETA-DEBITO-DELIVERY,1502
/NAVIGATION/SHOWEXTERNAL/19,1503
/SEGURIDAD/TARJETA-COORDENADAS-METODO-SEGURIDAD,1504
/NAVIGATION/SHOWEXTERNAL/77,1505
/TARJETAS/REPONER-TARJETA-DEBITO-DANADA-CONFIRMACION-,1506
/SOLICITA-TARJETA-CREDITO-ONLINE/INICIO,1507
/CUENTAS/NUEVA-CAJA-AHORRO-PRECONFIRMACION-DOLARES,1508
/CUENTAS/NUEVA-CAJA-AHORRO-EXITO-DOLARES,1509
PRODUCTOSYSERVICIOS : CENTRO DE SEGURIDAD,1510
/NAVIGATION/SHOWEXTERNAL/80,1511
/TRANSFERENCIAS/INFORMACION-CONTACTO/124,1512
PRODUCTOSYSERVICIOS : TARJETA CREDITO DEBITO AUTOMATI,1513
PRODUCTOSYSERVICIOS : BANCAPRIVADA,1514
/TARJETAS/RENOVACION-INICIO,1515
BENEFICIOSYPROMOCIONES : PROPUESTA GALICIA PREFER,1516
BENEFICIOSYPROMOCIONES : ESPECIAL SABADO,1517
PRODUCTOSYSERVICIOS : TARJETA GALICIA CREDITO PREFER,1518
BUSCADOR BENEFICIOS : EXCLUSIVAS PREFER,1519
PRODUCTOSYSERVICIOS : TODO PAGO GALICIA EMINENT,1520
/INVERSIONES/COMPRAVENTA_BONOS_ACCIONES,1521
/INVERSIONES/COMPRAVENTA_BONOS_ACCIONES_PRECONFIRMACI,1522
/INVERSIONES/COMPRAVENTA_BONOS_ACCIONES_EXITO,1523
/CUENTAS/NUEVA-CAJA-AHORRO-PRECONFIRMACION-PESOS,1524
/CUENTAS/NUEVA-CAJA-AHORRO-EXITO-PESOS,1525
BENEFICIOSYPROMOCIONES : SUSHICLUB EMINENT,1526
/ASISTENTEVIRTUAL/MAPA-DEL-SITIO,1527
PRODUCTOSYSERVICIOS : PRESTAMOS PERSONALES,1528
/INVERSIONES/SUSCRIBIR-CUENTA-COMITENTE-EMAIL,1529
/EMINENT,1530
PRODUCTOSYSERVICIOS : SEGUROS BANCO GALICIA,1531
/PRODUCTOS/BAJA_PRODUCTO_SOLICITAR,1532
/PRODUCTOS/BAJA_PRODUCTO_NUEVO,1533
/PRODUCTOS/BAJA_PRODUCTO_PRECONFIRMACION_NUEVO,1534
/PRODUCTOS/BAJA_PRODUCTO_CONFIRMACION,1535
/TARJETAS/RENOVACION-SELECCIONAR-DOMICILIO,1536
/DASHBOARD/INICIO,1537
/INVERSIONES/SELECCIONAR_INVERSION,1538
BENEFICIOSYPROMOCIONES : VERANO PREFER,1539
PRODUCTOSYSERVICIOS : COMISIONES MINORISTAS,1540
PRODUCTOSYSERVICIOS : GALA WAPP,1541
/PRODUCTOS/BAJA_PRODUCTO_SOLICITAR_PREGUNTAS,1542
/PRESTAMOS/EDITAR-CUENTA-DEBITO-PRECONFIRMACION,1543
/PRESTAMOS/EDITAR-CUENTA-DEBITO-EXITO,1544
/TARJETAS/RENOVACION-PRECONFIRMACION,1545
/TARJETAS/RENOVACION-CONFIRMACION,1546
PRODUCTOSYSERVICIOS : CUENTA SAS 2,1547
PRODUCTOSYSERVICIOS : DEPOSITOS REMOTOS,1548
/LOGIN7,1549
PRODUCTOSYSERVICIOS : COMPRAYVENTADEMONEDAEXTRANJERA,1550
/PREFER,1551
/TARJETASRENOVACION/INICIO,1552
PRODUCTOSYSERVICIOS : SEGUROS AUTO PREFER,1553
/NAVIGATION/MENULINK/1,1554
PRODUCTOSYSERVICIOS : BLANQUEO PIN,1555
/TARJETAS/RENOVACION-SELECCIONAR-SUCURSAL,1556
PRODUCTOSYSERVICIOS : TARJETAGALICIADEBITO 1,1557
/INVERSIONES/CONSULTAR_ORDENES,1558
/INVERSIONES/BAJAORDENCOMPRAVENTA_EXITO,1559
/MENSAJE/SESIONEXPIRADA,1560
PRODUCTOSYSERVICIOS : TARJETA GALICIA AMEX PLATINUM P,1561
PRODUCTOSYSERVICIOS : PREFER CONECTA,1562
PRODUCTOSYSERVICIOS : ACUERDO ADECUA,1563
BENEFICIOSYPROMOCIONES : ESPECIAL JUEVES,1564
PRODUCTOSYSERVICIOS : INVERSIONES GALICIA,1565
/EBNAROR/SESIONEXPIRADA,1566
PRODUCTOSYSERVICIOS : TARJETA GALICIA VISA PLATINUM P,1567
/TRANSFERENCIAS/INICIO/17,1568
PREFER : RESUMEN ATENCION AL CLIENTE,1569
/PRODUCTOS/BAJA_PRODUCTO_AVISO,1570
/PRODUCTOS/BAJA-PRODUCTO-SELECCION-TARJETAS-ADICIONAL,1571
/PERFILINVERSOR/ESTATUTOS_FIMA,1572
PRODUCTOSYSERVICIOS : COFFEEBANKING GALICIA,1573
PRODUCTOSYSERVICIOS : FAQ GASTOS,1574
PRODUCTOSYSERVICIOS : RECOMENDAR EMINENT,1575
/LOGINPPLLLLLLL%C3%B1%C3%B1L%C3%B1M,1576
/TRANSFERENCIAS/INICIO/24,1577
PRODUCTOSYSERVICIOS : TARJETA GALICIA MASTERCARD PLAT,1578
PREFER : PEDI TUS PRODUCTOS,1579
/RETENCIONCLIENTE/PRECONFIRMACION,1580
PRODUCTOSYSERVICIOS : PAGO SERVICIOS ONLINE BAKING,1581
/PRODUCTOS/TYC_BAJAPRODUCTO,1582
/CUENTASPROYECTO/CONFIRMARRESCATE,1583
PRODUCTOSYSERVICIOS : RECOMENDAR BANCO GALICIA,1584
/AYUDA/GALICIA-CONECTA-PRECONFIRMACION,1585
/%7D,1586
/TRANSFERENCIAS/CANCELAR-PROGRAMADA-PRECONFIRMACION,1587
/TRANSFERENCIAS/CANCELAR-PROGRAMADA-EXITO,1588
INSTITUCIONAL : FIDEICOMISOS,1589
PRODUCTOSYSERVICIOS : MEETUP,1590
/PERFILINVERSOR/TYC_CUENTACOMITENTE,1591
/PRESTAMOS/HIPOTECARIO-CONSULTA-SOLICITUD,1592
PRODUCTOSYSERVICIOS : TARJETASGALICIACREDITO2,1593
/INVERSIONES/LICITAR-EJECUCION,1594
/HIPOTECARIO/SESION-EXPIRADA,1595
BENEFICIOSYPROMOCIONES : INVIERNO INDUMENTARIA GALICI,1596
PRODUCTOSYSERVICIOS : CESE LABORAL,1597
/TRANSFERENCIAS/INFORMACION-CONTACTO/127,1598
/TRANSFERENCIAS/INFORMACION-CONTACTO/156,1599
/TRANSFERENCIAS/INFORMACION-CONTACTO/104,1600
/TRANSFERENCIAS/INFORMACION-CONTACTO/96,1601
/TRANSFERENCIAS/INFORMACION-CONTACTO/99,1602
/TRANSFERENCIAS/INFORMACION-CONTACTO/86,1603
/TRANSFERENCIAS/INFORMACION-CONTACTO/94,1604
/TRANSFERENCIAS/INFORMACION-CONTACTO/134,1605
/TRANSFERENCIAS/INFORMACION-CONTACTO/136,1606
/TRANSFERENCIAS/INFORMACION-CONTACTO/133,1607
/TRANSFERENCIAS/INFORMACION-CONTACTO/122,1608
/TRANSFERENCIAS/INFORMACION-CONTACTO/123,1609
/TRANSFERENCIAS/INFORMACION-CONTACTO/128,1610
/TRANSFERENCIAS/INFORMACION-CONTACTO/159,1611
/TRANSFERENCIAS/INFORMACION-CONTACTO/147,1612
/TRANSFERENCIAS/INFORMACION-CONTACTO/129,1613
/TRANSFERENCIAS/INFORMACION-CONTACTO/93,1614
/TRANSFERENCIAS/INFORMACION-CONTACTO/105,1615
/TRANSFERENCIAS/INFORMACION-CONTACTO/98,1616
/TRANSFERENCIAS/INFORMACION-CONTACTO/135,1617
/TRANSFERENCIAS/INFORMACION-CONTACTO/137,1618
/TRANSFERENCIAS/INFORMACION-CONTACTO/81,1619
/TRANSFERENCIAS/INFORMACION-CONTACTO/148,1620
/TRANSFERENCIAS/INFORMACION-CONTACTO/131,1621
/TRANSFERENCIAS/INFORMACION-CONTACTO/146,1622
/TRANSFERENCIAS/INFORMACION-CONTACTO/145,1623
/TRANSFERENCIAS/INFORMACION-CONTACTO/112,1624
/TRANSFERENCIAS/INFORMACION-CONTACTO/152,1625
/TRANSFERENCIAS/INFORMACION-CONTACTO/164,1626
/TRANSFERENCIAS/INFORMACION-CONTACTO/139,1627
/TRANSFERENCIAS/INFORMACION-CONTACTO/140,1628
/TRANSFERENCIAS/INFORMACION-CONTACTO/141,1629
/TRANSFERENCIAS/INFORMACION-CONTACTO/142,1630
/TRANSFERENCIAS/INFORMACION-CONTACTO/158,1631
/TRANSFERENCIAS/INFORMACION-CONTACTO/163,1632
PRODUCTOSYSERVICIOS : CAJEROSAUTOMATICOSYTAS,1633
/PRODUCTOS/BAJA_PRODUCTO_PRECONFIRMACION,1634
BENEFICIOSYPROMOCIONES : ESPECIAL JUEVES EMINENT,1635
/TRANSFERENCIAS/INFORMACION-CONTACTO/109,1636
/TRANSFERENCIAS/DONAR_PRECONFIRMACION,1637
/TRANSFERENCIAS/DONAR_CONFIRMACION,1638
/MENSAJE,1639
RURAL : CALIFICACION ATENCION AL CLIENTE,1640
BENEFICIOSYPROMOCIONES : HOWARD GALICIA CUOTAS,1641
BENEFICIOSYPROMOCIONES : MSJE BUSCADOR MA,1642
PRODUCTOSYSERVICIOS : ARGENTINA EXPORTA GALICIA,1643
/RETENCIONCLIENTE/EXITO,1644
/SEGUROS/UNDEFINED,1645
/TRANSFERENCIAS/TERMINOSYCONDICIONESDEBIN,1646
/NAVIGATION/SHOWEXTERNAL/7113,1647
INSTITUCIONAL : CODIGOPROTECCIONALINVERSOR,1648
PRODUCTOSYSERVICIOS : TARJETAGALICIADEBITONYP,1649
BENEFICIOSYPROMOCIONES : ESPECIAL SABADO PREFER,1650
/HIPOTECARIO/INGRESOS,1651
/HIPOTECARIO/SUCURSAL,1652
/HIPOTECARIO/MONTO,1653
/HIPOTECARIO/MENSAJE-AJAX,1654
/INICI,1655
PRODUCTOSYSERVICIOS : TARJETASGALICIAEMINENTBLACK1,1656
EMINENT : ATENCION AL CLIENTE EMINENT BUP,1657
PRODUCTOSYSERVICIOS : FIMA INVERSIONES,1658
/LOGININTR,1659
/NAVIGATION/SHOWEXTERNAL/7114,1660
PRODUCTOSYSERVICIOS : TIPSDEAYUDA,1661
PRODUCTOSYSERVICIOS : GALA,1662
PRODUCTOSYSERVICIOS : SEGURO INTEGRAL PYME,1663
PRODUCTOSYSERVICIOS : OPERA EN CANALES DIGITALES,1664
/PRESTAMOS/EDITAR-CUENTA-DEBITO-INIT/JAVASCRIPT:VOID(,1665
BENEFICIOSYPROMOCIONES : ARREDO,1666
BENEFICIOSYPROMOCIONES : NAVIDAD GALICIA EMINENT,1667
INSTITUCIONAL : CODIGODECONDUCTA,1668
PRODUCTOSYSERVICIOS : CONVENIO IVECO,1669
PREFER : ATENCION AL CLIENTE PREFER,1670
PRODUCTOSYSERVICIOS : ATENCION AL CLIENTE MOVE SW,1671
BENEFICIOSYPROMOCIONES : NAVIDAD GALICIA,1672
/CUENTAS/MIS-CUENTAS%20CUIL%20BANCO%20GALICIA,1673
BENEFICIOSYPROMOCIONES : BENEFICIO QUIERO AVIOS,1674
BENEFICIOSYPROMOCIONES : ESPECIALHOGAR,1675
/TARJETAS/UPGRADE-SELECCIONAR-TD,1676
BENEFICIOSYPROMOCIONES : CYBERMONDAY1,1677
/PAGOS/REALIZARRECARGACELULAR,1678
/CUENTAS/INICIO%7D,1679
/CUENTASPROYECTO/CONFIRMARRESERVA,1680
PRODUCTOSYSERVICIOS : TARJETAGALICIARURALVENTAJASYBEN,1681
/USUARIO,1682
/USUER,1683
/USER,1684
/CONFIGURAR,1685
/CONFIGURAR/USUARIO,1686
/TODO,1687
/TODOPAGO,1688
TARJETASGALICIAEMINENTBLACK1 : AIRPORT EXPERIENCE MAS,1689
/NAVIGATION/SHOWEXTERNAL/713,1690
PRODUCTOSYSERVICIOS : MODELODEATENCION,1691
/ERROR/SESIONEXPIRADAVALOR%20DOLAR,1692
/ERROR/SESIONEXPIRADACLIMA%20CABA,1693
/SEGURIDAD/,1694
/TRANSFERENCIAS/INFORMACION-CONTACTO/195,1695
/TRANSFERENCIAS/INFORMACION-CONTACTO/185,1696
/TRANSFERENCIAS/INFORMACION-CONTACTO/155,1697
/TRANSFERENCIAS/INFORMACION-CONTACTO/116,1698
/TRANSFERENCIAS/INFORMACION-CONTACTO/117,1699
/TRANSFERENCIAS/INFORMACION-CONTACTO/181,1700
PRODUCTOSYSERVICIOS : SEGURODEHOGAR 2,1701
/BANCOGALICIA%20FONOBANCO,1702
BENEFICIOSYPROMOCIONES : SHOPPINGS ESPECIAL VLJ EMINE,1703
BENEFICIOSYPROMOCIONES : PANAMERICANO EMINENT,1704
PANAMERICANO : PAQUETE1,1705
BENEFICIOSYPROMOCIONES : PANAMERICANO,1706
/ERROR/SESIONEXPIRAD,1707
PRODUCTOSYSERVICIOS : OFFICEBANKINGNUEVOMENUDEPAGOS,1708
PREFER : RESULTADOS ATENCION AL CLIENTE,1709
/CONFIRMACION/BIENVENIDO,1710
/LOGINC,1711
/TARJETAS/MODIFICAR-CUENTA-PRIMARIA/4,1712
/TRANSFERENCIAS/INICIO/71,1713
/SEGURIDAD/RJYNBNECUPERAR-USUARIO,1714
PRODUCTOSYSERVICIOS : INVERSIONES EMINENT 2,1715
PAGINA : CALIFICACION ATENCION AL CLIENTE,1716
/TRANSFERENCIAS/INICIO/26,1717
RURAL : RESULTADOS ATENCION AL CLIENTE,1718
/ERROR/INTER,1719
/CUENTAS/INICIO%20SALDO,1720
/TRANSFERENCIAS/INFORMACION-CONTACTO/113,1721
/ERROR/,1722
PRODUCTOSYSERVICIOS : TARJETAGALICIADEBITOCUENTANEGOC,1723
/N,1724
/INICIO%20MIS%20COMPROBANTES,1725
PRODUCTOSYSERVICIOS : PAGOEXPRESO,1726
PRODUCTOSYSERVICIOS : COMPRADECHEQUES 1,1727
PRODUCTOSYSERVICIOS : ESPACIOS EMINENT,1728
PRODUCTOSYSERVICIOS : PLAN DE PRODUCCION,1729
PRODUCTOSYSERVICIOS : SERVICIOGALICIAPREFER 1,1730
/INICIO%C3%A7,1731
/PRODUCTOS/BAJA_PRODUCTO,1732
/SEGURIDAD/TARJETA_COORDENADAS_METODO_SEGURIDAD,1733
/LOGINICBC,1734
VERANO2017 : GASTRONOMIA,1735
/ERROR/SESIONEXPIRADAAMBITO,1736
/NAVIGATION/SHOWEXTERNAL/16,1737
PRODUCTOSYSERVICIOS : TARJETAVISAINTERNACIONAL,1738
/PLAZOFIJO,1739
BENEFICIOSYPROMOCIONES : GRIMOLDI GALICIA MOVE,1740
BENEFICIOSYPROMOCIONES : PELUQUERIAS,1741
/HIPOTECARIO/MENSAJE,1742
/LOGINFACE,1743
/TRANSFERENCIAS/INFORMACION-CONTACTO/144,1744
/TRANSFERENCIAS/INFORMACION-CONTACTO/132,1745
PRODUCTOSYSERVICIOS : DEBITOPREFER,1746
/PERFIL/MISCOMPROBANTES,1747
BENEFICIOSYPROMOCIONES : NAVIDADCONQUIERO,1748
/LOGINGENERARUSUARIO,1749
PRODUCTOSYSERVICIOS : HACETECLIENTE,1750
/OPERACIONES/SERVICIOS/DEBITO%20AUTOMATICO,1751
/TARJETAS/VISA%20HOMEONSUMOS/1,1752
/TRANSFERENCIAS/INICIO/25,1753
PRODUCTOSYSERVICIOS : CLAVEGALICIANOLARECUERDA,1754
BENEFICIOSYPROMOCIONES : DIA DE LA MADRE BANCO GALICI,1755
/SEGUROS,1756
/ERROR/ERROROUGALICIA,1757
/LOGINBB,1758
/SEGURIDAD/TOKEN-VIRTUALFA,1759
/RROR/SESIONEXPIRADA,1760
/LOGINF,1761
/LOGINGMAIL,1762
/LOGINANSES,1763
PRODUCTOSYSERVICIOS : PRESTAMOS HIPOTECARIOS UVA 2,1764
MOVE : CALIFICACION ATENCION AL CLIENTE,1765
/LANDING/,1766
PRODUCTOSYSERVICIOS : EXCELENCIAAGROPECUARIA2018,1767
/INVERSFSIONES/INICIO,1768
/TRANSFERENCIAS/INICIO/28,1769
/TRANSFERENCIAS/INFORMACION-CONTACTO/182,1770
/TRANSFERENCIAS/INFORMACION-CONTACTO/169,1771
PRODUCTOSYSERVICIOS : RIESGOSPATRIMONIALES,1772
/LOGINA,1773
/LOGINOLE,1774
NAVIDADCONQUIERO : PRODUCTOSDELCATALOGO,1775
/TRANSFERENCIAS/INICIO/29,1776
/TRANSFERENCIAS/INICIO/16,1777
PRODUCTOSYSERVICIOS : SEGURODEHOGAR1,1778
/EMPRESAS,1779
/MONEDAEXTRANJERA/INICIOVENTAPESOS,1780
BENEFICIOSYPROMOCIONES : ESPECIAL NAVIDAD MARCAS EMI,1781
BENEFICIOSYPROMOCIONES : ESPECIAL NAVIDAD EMINET,1782
/LANDING/PARTNER,1783
PRODUCTOSYSERVICIOS : QUENECESITASABER,1784
PRODUCTOSYSERVICIOS : CUENTAEMPRESAS 1,1785
PRODUCTOSYSERVICIOS : OFICIALNEGOCIOSYPYMES,1786
PRODUCTOSYSERVICIOS : CUENTANEGOCIOS 2,1787
PRODUCTOSYSERVICIOS : CUENTA SAS 1,1788
PRODUCTOSYSERVICIOS : CUENTANEGOCIOS 1,1789
PRODUCTOSYSERVICIOS : CUENTA PROPIA,1790
PRODUCTOSYSERVICIOS : CUENTAPYMES 1,1791
PRODUCTOSYSERVICIOS : TARJETAGALICIADEBITO 2,1792
/BENEFICIOS,1793
BENEFICIOSYPROMOCIONES : DIA DEL NINIO EMINENT 2018,1794
BENEFICIOSYPROMOCIONES : DIA DE LA MADRE,1795
PRODUCTOSYSERVICIOS : CENSO AGROPECUARIO 2018,1796
BENEFICIOSYPROMOCIONES : DIA DEL NINIO 2018,1797
PRODUCTOSYSERVICIOS : INVERSIONES GALICIA PERSONAS,1798
/TRANSFERENCIAS/INFORMACION-CONTACTO/168,1799
BENEFICIOSYPROMOCIONES : D%C3%ADA DEL NI%C3%B1O JUGUE,1800
PRODUCTOSYSERVICIOS : CLAVE ALFABETICA,1801
/TRANSFERENCIAS/INFORMACION-CONTACTO/119,1802
/TRANSFERENCIAS/INICIO/55,1803
/TRANSFERENCIAS/INFORMACION-CONTACTO/165,1804
BENEFICIOSYPROMOCIONES : CYBERMONDAY,1805
BENEFICIOSYPROMOCIONES : CYBER MONDAY BANCO GALICIA 2,1806
BENEFICIOSYPROMOCIONES : LA CAJA SEGUROS BANCO GALICI,1807
/BASELOGIN.ASP,1808
/BASELOGIN,1809
BENEFICIOSYPROMOCIONES : ESPECIALBEBES,1810
/ERROR/SESIONEXPIRADA7,1811
PRODUCTOSYSERVICIOS : MERCADODECAPITALESYBANCADEINVER,1812
BENEFICIOSYPROMOCIONES : PROPUESTA PREFER,1813
/INICIO7,1814
/ERRODOR/SESIONEXPIRADA,1815
PRODUCTOSYSERVICIOS : GALICIA RURAL EXPOSICION LA RUR,1816
PRODUCTOSYSERVICIOS : TC,1817
PRODUCTOSYSERVICIOS : FORM CHARLA INFORMATIVA 15,1818
BENEFICIOSYPROMOCIONES : INVIERNO EMINENT 2017,1819
/LOGIN%7D,1820
BENEFICIOSYPROMOCIONES : SHOPPINGS TRIPLICA TUS PUNTO,1821
/ERROR/SESIONEXPIRADA%20-%20COLLAPSE_1,1822
PRODUCTOSYSERVICIOS : LINEA SGR,1823
BENEFICIOSYPROMOCIONES : DIRECT TV BANCO GALICIA PERS,1824
/USERS/,1825
BENEFICIOSYPROMOCIONES : PANAMERICANO BANCO GALICIA,1826
HB :  : CONSULTAS : RESUMEN DE PRODUCTOS : HOME,1827
/NAVIGATION/MENULINK/11,1828
/BIENVENIDA,1829
/NUEVO-INICIO,1830
/CUENTAS,1831
HB : MOVE : LOGIN : ERRORES : ERROR GRAVE,1832
PRODUCTOSYSERVICIOS : ACTUALIZA APP GALICIA,1833
/LOGBB,1834
/LOGINMERVAL,1835
